[2026-09-13T01:31:28+08:00] === corpus-resolve-daemon start | mode=once interval=60min due-only=true confirm=false（DRY-RUN，不写库）
[2026-09-13T01:31:28+08:00] 复用 corpus-resolve RESOLVERS 成功：inline-extract(7 kinds)
[2026-09-13T01:31:28+08:00] 日历锚刷新：ssq 2026105@2026-09-10 | dlt 26104@2026-09-12
[2026-09-13T01:31:28+08:00]   pending kind=cwl_ssq_red_contains x1 due=2026-09-13 — 第 2026106 期未开奖
[2026-09-13T01:31:28+08:00]   pending kind=cwl_ssq_blue_odd x1 due=2026-09-13 — 第 2026106 期未开奖
[2026-09-13T01:31:29+08:00]   pending kind=openmeteo_daily_max x1 due=2026-09-13 — archive 尚无 2026-09-13（ERA5 未入库）
[2026-09-13T01:31:30+08:00]   pending kind=openmeteo_daily_max x1 due=2026-09-13 — archive 尚无 2026-09-13（ERA5 未入库）
[2026-09-13T01:31:30+08:00]   pending kind=openmeteo_daily_max x1 due=2026-09-13 — archive 尚无 2026-09-13（ERA5 未入库）
[2026-09-13T01:31:30+08:00]   pending kind=openmeteo_daily_max x1 due=2026-09-13 — archive 尚无 2026-09-13（ERA5 未入库）
[2026-09-13T01:31:30+08:00]   pending kind=cwl_ssq_red_contains x1 due=2026-09-13 — 第 2026106 期未开奖
[2026-09-13T01:31:30+08:00]   pending kind=cwl_ssq_red_contains x1 due=2026-09-13 — 第 2026106 期未开奖
[2026-09-13T01:31:30+08:00]   pending kind=cwl_ssq_red_contains x1 due=2026-09-13 — 第 2026106 期未开奖
[2026-09-13T01:31:30+08:00]   pending kind=cwl_ssq_blue_odd x1 due=2026-09-13 — 第 2026106 期未开奖
[2026-09-13T01:31:31+08:00]   [dry] would resolve kind=openmeteo_air_pm10_daily_mean x1 -> true | Open-Meteo air 2026-08-04 PM10 日均=21.8（阈值 <=43，n=24，机检）
[2026-09-13T01:31:31+08:00]   [dry] would resolve kind=openmeteo_air_pm10_daily_mean x1 -> false | Open-Meteo air 2026-06-25 PM10 日均=39.6（阈值 <=38.6，n=24，机检）
[2026-09-13T01:31:32+08:00]   [dry] would resolve kind=openmeteo_air_pm10_daily_mean x1 -> false | Open-Meteo air 2026-08-04 PM10 日均=16.7（阈值 <=14.9，n=24，机检）
[2026-09-13T01:31:32+08:00]   [dry] would resolve kind=openmeteo_air_pm10_daily_mean x1 -> false | Open-Meteo air 2026-06-25 PM10 日均=14.1（阈值 <=11.7，n=24，机检）
[2026-09-13T01:31:32+08:00]   [dry] would resolve kind=openmeteo_air_pm10_daily_mean x1 -> false | Open-Meteo air 2026-08-04 PM10 日均=13.6（阈值 <=9.2，n=24，机检）
[2026-09-13T01:31:33+08:00]   [dry] would resolve kind=openmeteo_air_pm10_daily_mean x1 -> true | Open-Meteo air 2026-06-25 PM10 日均=15.5（阈值 <=15.9，n=24，机检）
[2026-09-13T01:31:33+08:00]   [dry] would resolve kind=openmeteo_air_pm10_daily_mean x1 -> true | Open-Meteo air 2026-08-04 PM10 日均=44.8（阈值 <=200，n=24，机检）
[2026-09-13T01:31:33+08:00]   [dry] would resolve kind=openmeteo_air_pm10_daily_mean x1 -> false | Open-Meteo air 2026-06-25 PM10 日均=249.5（阈值 <=121.6，n=24，机检）
[2026-09-13T01:31:33+08:00]   [dry] would resolve kind=openmeteo_air_pm10_daily_mean x1 -> false | Open-Meteo air 2026-08-04 PM10 日均=41.9（阈值 <=16，n=24，机检）
[2026-09-13T01:31:34+08:00]   [dry] would resolve kind=openmeteo_air_pm10_daily_mean x1 -> true | Open-Meteo air 2026-06-25 PM10 日均=10（阈值 <=20.5，n=24，机检）
[2026-09-13T01:31:34+08:00]   [dry] would resolve kind=binance_daily_close x1 -> false | Binance BTCUSDT 2026-08-14 close=63043.56（阈值 >=82615.22，机检）
[2026-09-13T01:31:34+08:00]   [dry] would resolve kind=binance_daily_close x1 -> false | Binance BTCUSDT 2026-02-25 close=67988.04（阈值 >=95300，机检）
[2026-09-13T01:31:35+08:00]   [dry] would resolve kind=binance_daily_close x1 -> false | Binance ETHUSDT 2026-08-14 close=1882.2（阈值 >=3281.83，机检）
[2026-09-13T01:31:35+08:00]   [dry] would resolve kind=binance_daily_close x1 -> false | Binance ETHUSDT 2026-02-25 close=2057.48（阈值 >=3038.06，机检）
[2026-09-13T01:31:35+08:00]   [dry] would resolve kind=binance_daily_close x1 -> false | Binance SOLUSDT 2026-08-14 close=75.4（阈值 >=129.41，机检）
[2026-09-13T01:31:35+08:00]   [dry] would resolve kind=binance_daily_close x1 -> false | Binance SOLUSDT 2026-02-25 close=88.06（阈值 >=142.03，机检）
[2026-09-13T01:31:35+08:00]   fetch-fail kind=wikimedia_pageviews x1 — HTTP 400（跳过不写）
[2026-09-13T01:31:36+08:00]   fetch-fail kind=wikimedia_pageviews x1 — HTTP 400（跳过不写）
[2026-09-13T01:31:36+08:00]   fetch-fail kind=wikimedia_pageviews x1 — HTTP 400（跳过不写）
[2026-09-13T01:31:36+08:00]   fetch-fail kind=wikimedia_pageviews x1 — HTTP 400（跳过不写）
[2026-09-13T01:31:37+08:00]   fetch-fail kind=wikimedia_pageviews x1 — HTTP 400（跳过不写）
[2026-09-13T01:31:37+08:00]   fetch-fail kind=wikimedia_pageviews x1 — HTTP 400（跳过不写）
[2026-09-13T01:31:37+08:00]   fetch-fail kind=wikimedia_pageviews x1 — HTTP 400（跳过不写）
[2026-09-13T01:31:38+08:00]   fetch-fail kind=wikimedia_pageviews x1 — HTTP 400（跳过不写）
[2026-09-13T01:31:38+08:00]   fetch-fail kind=wikimedia_pageviews x1 — HTTP 400（跳过不写）
[2026-09-13T01:31:38+08:00]   fetch-fail kind=wikimedia_pageviews x1 — HTTP 400（跳过不写）
[2026-09-13T01:31:38+08:00]   fetch-fail kind=wikimedia_pageviews x1 — HTTP 429（跳过不写）
[2026-09-13T01:31:39+08:00]   fetch-fail kind=wikimedia_pageviews x1 — HTTP 429（跳过不写）
[2026-09-13T01:31:39+08:00]   fetch-fail kind=wikimedia_pageviews x1 — HTTP 429（跳过不写）
[2026-09-13T01:31:39+08:00]   fetch-fail kind=wikimedia_pageviews x1 — HTTP 429（跳过不写）
[2026-09-13T01:31:40+08:00]   fetch-fail kind=wikimedia_pageviews x1 — HTTP 429（跳过不写）
[2026-09-13T01:31:40+08:00]   [dry] would resolve kind=github_weekly_commits x1 -> true | GitHub nodejs/node 周 2026-08-30~2026-09-05 提交数=121（阈值 >=53，机检）
[2026-09-13T01:31:40+08:00]   [dry] would resolve kind=github_weekly_commits x1 -> true | GitHub nodejs/node 周 2026-08-23~2026-08-29 提交数=127（阈值 >=66，机检）
[2026-09-13T01:31:40+08:00]   [dry] would resolve kind=github_weekly_commits x1 -> true | GitHub microsoft/vscode 周 2026-08-30~2026-09-05 提交数=674（阈值 >=642，机检）
[2026-09-13T01:31:40+08:00]   [dry] would resolve kind=github_weekly_commits x1 -> true | GitHub microsoft/vscode 周 2026-08-23~2026-08-29 提交数=686（阈值 >=683，机检）
[2026-09-13T01:31:41+08:00]   [dry] would resolve kind=github_weekly_commits x1 -> true | GitHub facebook/react 周 2026-08-30~2026-09-05 提交数=23（阈值 >=22，机检）
[2026-09-13T01:31:41+08:00]   [dry] would resolve kind=github_weekly_commits x1 -> true | GitHub facebook/react 周 2026-08-23~2026-08-29 提交数=25（阈值 >=9，机检）
[2026-09-13T01:31:41+08:00]   [dry] would resolve kind=frankfurter_rate x1 -> false | Frankfurter ECB USD/CNY 2026-08-14=6.7413（阈值 >=7.1264，机检）
[2026-09-13T01:31:41+08:00]   [dry] would resolve kind=frankfurter_rate x1 -> false | Frankfurter ECB USD/CNY 2026-05-15=6.8106（阈值 >=6.9646，机检）
[2026-09-13T01:31:42+08:00]   [dry] would resolve kind=frankfurter_rate x1 -> true | Frankfurter ECB USD/JPY 2026-08-14=159.01（阈值 >=153.1，机检）
[2026-09-13T01:31:43+08:00]   [dry] would resolve kind=frankfurter_rate x1 -> true | Frankfurter ECB USD/JPY 2026-05-15=158.55（阈值 >=156.36，机检）
[2026-09-13T01:31:43+08:00]   [dry] would resolve kind=frankfurter_rate x1 -> true | Frankfurter ECB USD/EUR 2026-08-14=0.86453（阈值 >=0.8627，机检）
[2026-09-13T01:31:44+08:00]   [dry] would resolve kind=frankfurter_rate x1 -> true | Frankfurter ECB USD/EUR 2026-05-15=0.85999（阈值 >=0.8554，机检）
[2026-09-13T01:31:44+08:00]   [dry] would resolve kind=npm_downloads_window x1 -> false | npm react 2026-08-08~2026-08-14 下载量=114596558（阈值 >=131023645，机检）
[2026-09-13T01:31:44+08:00]   [dry] would resolve kind=npm_downloads_window x1 -> false | npm typescript 2026-08-08~2026-08-14 下载量=178971998（阈值 >=216196455，机检）
[2026-09-13T01:31:45+08:00]   [dry] would resolve kind=npm_downloads_window x1 -> true | npm vite 2026-08-08~2026-08-14 下载量=142403653（阈值 >=126827024，机检）
[2026-09-13T01:31:47+08:00]   [dry] would resolve kind=dbnomics_bis_monthly_mean x1 -> false | DBnomics BIS D.N.B.US 2024-05 月均值=NaN（阈值 >=87.568，n=31，机检）
[2026-09-13T01:31:48+08:00]   [dry] would resolve kind=dbnomics_bis_monthly_mean x1 -> false | DBnomics BIS D.N.B.US 2023-06 月均值=NaN（阈值 >=95.753，n=30，机检）
[2026-09-13T01:31:49+08:00]   [dry] would resolve kind=dbnomics_bis_monthly_mean x1 -> false | DBnomics BIS D.N.B.CN 2024-05 月均值=NaN（阈值 >=86.357，n=31，机检）
[2026-09-13T01:31:50+08:00]   [dry] would resolve kind=dbnomics_bis_monthly_mean x1 -> false | DBnomics BIS D.N.B.CN 2023-06 月均值=NaN（阈值 >=91.231，n=30，机检）
[2026-09-13T01:31:50+08:00]   [dry] would resolve kind=dbnomics_bis_monthly_mean x1 -> false | DBnomics BIS D.N.B.JP 2024-05 月均值=NaN（阈值 >=98.206，n=31，机检）
[2026-09-13T01:31:51+08:00]   [dry] would resolve kind=dbnomics_bis_monthly_mean x1 -> false | DBnomics BIS D.N.B.JP 2023-06 月均值=NaN（阈值 >=89.461，n=30，机检）
[2026-09-13T01:31:51+08:00] round#1 用时 22.4s | 未解总数=369 本轮应解=62 去重后真值请求=62（合并重复题 0） | resolved=0 pending=10 fail=15 refused=0 unsupported=0 未到期跳过=307 无法定到期=0 wouldWrite=37 apiCalls=62
[2026-09-13T01:32:27+08:00] === corpus-resolve-daemon start | mode=once interval=60min due-only=true confirm=false（DRY-RUN，不写库）
[2026-09-13T01:32:27+08:00] 复用 corpus-resolve RESOLVERS 成功：inline-extract(7 kinds)
[2026-09-13T01:32:27+08:00] 日历锚刷新：ssq 2026105@2026-09-10 | dlt 26104@2026-09-12
[2026-09-13T01:32:27+08:00] 参数安全门：跳过 1 条口径不符题（不写脏账）— cwl_ssq_red_contains 缺合法 ball（实测=null） @id732
[2026-09-13T01:32:27+08:00]   pending kind=cwl_ssq_red_contains x1 due=2026-09-13 — 第 2026106 期未开奖
[2026-09-13T01:32:27+08:00]   pending kind=cwl_ssq_blue_odd x1 due=2026-09-13 — 第 2026106 期未开奖
[2026-09-13T01:32:28+08:00]   pending kind=openmeteo_daily_max x1 due=2026-09-13 — archive 尚无 2026-09-13（ERA5 未入库）
[2026-09-13T01:32:29+08:00]   pending kind=openmeteo_daily_max x1 due=2026-09-13 — archive 尚无 2026-09-13（ERA5 未入库）
[2026-09-13T01:32:29+08:00]   pending kind=openmeteo_daily_max x1 due=2026-09-13 — archive 尚无 2026-09-13（ERA5 未入库）
[2026-09-13T01:32:29+08:00]   pending kind=openmeteo_daily_max x1 due=2026-09-13 — archive 尚无 2026-09-13（ERA5 未入库）
[2026-09-13T01:32:29+08:00]   pending kind=cwl_ssq_red_contains x1 due=2026-09-13 — 第 2026106 期未开奖
[2026-09-13T01:32:29+08:00]   pending kind=cwl_ssq_red_contains x1 due=2026-09-13 — 第 2026106 期未开奖
[2026-09-13T01:32:29+08:00]   pending kind=cwl_ssq_blue_odd x1 due=2026-09-13 — 第 2026106 期未开奖
[2026-09-13T01:32:30+08:00]   [dry] would resolve kind=openmeteo_air_pm10_daily_mean x1 -> true | Open-Meteo air 2026-08-04 PM10 日均=21.8（阈值 <=43，n=24，机检）
[2026-09-13T01:32:30+08:00]   [dry] would resolve kind=openmeteo_air_pm10_daily_mean x1 -> false | Open-Meteo air 2026-06-25 PM10 日均=39.6（阈值 <=38.6，n=24，机检）
[2026-09-13T01:32:31+08:00]   [dry] would resolve kind=openmeteo_air_pm10_daily_mean x1 -> false | Open-Meteo air 2026-08-04 PM10 日均=16.7（阈值 <=14.9，n=24，机检）
[2026-09-13T01:32:31+08:00]   [dry] would resolve kind=openmeteo_air_pm10_daily_mean x1 -> false | Open-Meteo air 2026-06-25 PM10 日均=14.1（阈值 <=11.7，n=24，机检）
[2026-09-13T01:32:31+08:00]   [dry] would resolve kind=openmeteo_air_pm10_daily_mean x1 -> false | Open-Meteo air 2026-08-04 PM10 日均=13.6（阈值 <=9.2，n=24，机检）
[2026-09-13T01:32:31+08:00]   [dry] would resolve kind=openmeteo_air_pm10_daily_mean x1 -> true | Open-Meteo air 2026-06-25 PM10 日均=15.5（阈值 <=15.9，n=24，机检）
[2026-09-13T01:32:32+08:00]   [dry] would resolve kind=openmeteo_air_pm10_daily_mean x1 -> true | Open-Meteo air 2026-08-04 PM10 日均=44.8（阈值 <=200，n=24，机检）
[2026-09-13T01:32:32+08:00]   [dry] would resolve kind=openmeteo_air_pm10_daily_mean x1 -> false | Open-Meteo air 2026-06-25 PM10 日均=249.5（阈值 <=121.6，n=24，机检）
[2026-09-13T01:32:32+08:00]   [dry] would resolve kind=openmeteo_air_pm10_daily_mean x1 -> false | Open-Meteo air 2026-08-04 PM10 日均=41.9（阈值 <=16，n=24，机检）
[2026-09-13T01:32:32+08:00]   [dry] would resolve kind=openmeteo_air_pm10_daily_mean x1 -> true | Open-Meteo air 2026-06-25 PM10 日均=10（阈值 <=20.5，n=24，机检）
[2026-09-13T01:32:33+08:00]   [dry] would resolve kind=binance_daily_close x1 -> false | Binance BTCUSDT 2026-08-14 close=63043.56（阈值 >=82615.22，机检）
[2026-09-13T01:32:33+08:00]   [dry] would resolve kind=binance_daily_close x1 -> false | Binance BTCUSDT 2026-02-25 close=67988.04（阈值 >=95300，机检）
[2026-09-13T01:32:33+08:00]   [dry] would resolve kind=binance_daily_close x1 -> false | Binance ETHUSDT 2026-08-14 close=1882.2（阈值 >=3281.83，机检）
[2026-09-13T01:32:33+08:00]   [dry] would resolve kind=binance_daily_close x1 -> false | Binance ETHUSDT 2026-02-25 close=2057.48（阈值 >=3038.06，机检）
[2026-09-13T01:32:34+08:00]   [dry] would resolve kind=binance_daily_close x1 -> false | Binance SOLUSDT 2026-08-14 close=75.4（阈值 >=129.41，机检）
[2026-09-13T01:32:34+08:00]   [dry] would resolve kind=binance_daily_close x1 -> false | Binance SOLUSDT 2026-02-25 close=88.06（阈值 >=142.03，机检）
[2026-09-13T01:32:34+08:00]   fetch-fail kind=wikimedia_pageviews x1 — HTTP 400（跳过不写）
[2026-09-13T01:32:34+08:00]   fetch-fail kind=wikimedia_pageviews x1 — HTTP 400（跳过不写）
[2026-09-13T01:32:34+08:00]   fetch-fail kind=wikimedia_pageviews x1 — HTTP 400（跳过不写）
[2026-09-13T01:32:34+08:00]   fetch-fail kind=wikimedia_pageviews x1 — HTTP 400（跳过不写）
[2026-09-13T01:32:34+08:00]   fetch-fail kind=wikimedia_pageviews x1 — HTTP 400（跳过不写）
[2026-09-13T01:32:34+08:00]   fetch-fail kind=wikimedia_pageviews x1 — HTTP 400（跳过不写）
[2026-09-13T01:32:35+08:00]   fetch-fail kind=wikimedia_pageviews x1 — HTTP 400（跳过不写）
[2026-09-13T01:32:35+08:00]   fetch-fail kind=wikimedia_pageviews x1 — HTTP 400（跳过不写）
[2026-09-13T01:32:35+08:00]   fetch-fail kind=wikimedia_pageviews x1 — HTTP 400（跳过不写）
[2026-09-13T01:32:35+08:00]   fetch-fail kind=wikimedia_pageviews x1 — HTTP 400（跳过不写）
[2026-09-13T01:32:35+08:00]   fetch-fail kind=wikimedia_pageviews x1 — HTTP 400（跳过不写）
[2026-09-13T01:32:35+08:00]   fetch-fail kind=wikimedia_pageviews x1 — HTTP 400（跳过不写）
[2026-09-13T01:32:36+08:00]   fetch-fail kind=wikimedia_pageviews x1 — HTTP 400（跳过不写）
[2026-09-13T01:32:36+08:00]   fetch-fail kind=wikimedia_pageviews x1 — HTTP 400（跳过不写）
[2026-09-13T01:32:36+08:00]   fetch-fail kind=wikimedia_pageviews x1 — HTTP 400（跳过不写）
[2026-09-13T01:32:37+08:00]   [dry] would resolve kind=github_weekly_commits x1 -> true | GitHub nodejs/node 周 2026-08-30~2026-09-05 提交数=121（阈值 >=53，机检）
[2026-09-13T01:32:37+08:00]   [dry] would resolve kind=github_weekly_commits x1 -> true | GitHub nodejs/node 周 2026-08-23~2026-08-29 提交数=127（阈值 >=66，机检）
[2026-09-13T01:32:38+08:00]   [dry] would resolve kind=github_weekly_commits x1 -> true | GitHub microsoft/vscode 周 2026-08-30~2026-09-05 提交数=674（阈值 >=642，机检）
[2026-09-13T01:32:38+08:00]   [dry] would resolve kind=github_weekly_commits x1 -> true | GitHub microsoft/vscode 周 2026-08-23~2026-08-29 提交数=686（阈值 >=683，机检）
[2026-09-13T01:32:39+08:00]   [dry] would resolve kind=github_weekly_commits x1 -> true | GitHub facebook/react 周 2026-08-30~2026-09-05 提交数=23（阈值 >=22，机检）
[2026-09-13T01:32:39+08:00]   [dry] would resolve kind=github_weekly_commits x1 -> true | GitHub facebook/react 周 2026-08-23~2026-08-29 提交数=25（阈值 >=9，机检）
[2026-09-13T01:32:40+08:00]   [dry] would resolve kind=frankfurter_rate x1 -> false | Frankfurter ECB USD/CNY 2026-08-14=6.7413（阈值 >=7.1264，机检）
[2026-09-13T01:32:40+08:00]   [dry] would resolve kind=frankfurter_rate x1 -> false | Frankfurter ECB USD/CNY 2026-05-15=6.8106（阈值 >=6.9646，机检）
[2026-09-13T01:32:40+08:00]   [dry] would resolve kind=frankfurter_rate x1 -> true | Frankfurter ECB USD/JPY 2026-08-14=159.01（阈值 >=153.1，机检）
[2026-09-13T01:32:40+08:00]   [dry] would resolve kind=frankfurter_rate x1 -> true | Frankfurter ECB USD/JPY 2026-05-15=158.55（阈值 >=156.36，机检）
[2026-09-13T01:32:40+08:00]   [dry] would resolve kind=frankfurter_rate x1 -> true | Frankfurter ECB USD/EUR 2026-08-14=0.86453（阈值 >=0.8627，机检）
[2026-09-13T01:32:40+08:00]   [dry] would resolve kind=frankfurter_rate x1 -> true | Frankfurter ECB USD/EUR 2026-05-15=0.85999（阈值 >=0.8554，机检）
[2026-09-13T01:32:40+08:00]   [dry] would resolve kind=npm_downloads_window x1 -> false | npm react 2026-08-08~2026-08-14 下载量=114596558（阈值 >=131023645，机检）
[2026-09-13T01:32:40+08:00]   [dry] would resolve kind=npm_downloads_window x1 -> false | npm typescript 2026-08-08~2026-08-14 下载量=178971998（阈值 >=216196455，机检）
[2026-09-13T01:32:40+08:00]   [dry] would resolve kind=npm_downloads_window x1 -> true | npm vite 2026-08-08~2026-08-14 下载量=142403653（阈值 >=126827024，机检）
[2026-09-13T01:32:42+08:00]   [dry] would resolve kind=dbnomics_bis_monthly_mean x1 -> false | DBnomics BIS D.N.B.US 2024-05 月均值=NaN（阈值 >=87.568，n=31，机检）
[2026-09-13T01:32:44+08:00]   [dry] would resolve kind=dbnomics_bis_monthly_mean x1 -> false | DBnomics BIS D.N.B.US 2023-06 月均值=NaN（阈值 >=95.753，n=30，机检）
[2026-09-13T01:32:45+08:00]   [dry] would resolve kind=dbnomics_bis_monthly_mean x1 -> false | DBnomics BIS D.N.B.CN 2024-05 月均值=NaN（阈值 >=86.357，n=31，机检）
[2026-09-13T01:32:46+08:00]   [dry] would resolve kind=dbnomics_bis_monthly_mean x1 -> false | DBnomics BIS D.N.B.CN 2023-06 月均值=NaN（阈值 >=91.231，n=30，机检）
[2026-09-13T01:32:47+08:00]   [dry] would resolve kind=dbnomics_bis_monthly_mean x1 -> false | DBnomics BIS D.N.B.JP 2024-05 月均值=NaN（阈值 >=98.206，n=31，机检）
[2026-09-13T01:32:48+08:00]   [dry] would resolve kind=dbnomics_bis_monthly_mean x1 -> false | DBnomics BIS D.N.B.JP 2023-06 月均值=NaN（阈值 >=89.461，n=30，机检）
[2026-09-13T01:32:48+08:00] round#1 用时 20.8s | 未解总数=369 应解=61 真值请求=61（合并重复题 0） | resolved=0 pending=9 fail=15 refused=0 refusedPre=0 refusedRace=0 口径护栏跳过=1 unsupported=0 未到期跳过=307 无法定到期=0 wouldWrite=37 apiCalls=61
[2026-09-13T01:33:46+08:00] === corpus-resolve-daemon start | mode=once interval=60min due-only=false confirm=false（DRY-RUN，不写库）
[2026-09-13T01:33:46+08:00] 复用 corpus-resolve RESOLVERS 成功：inline-extract(7 kinds)
[2026-09-13T01:33:47+08:00] 日历锚刷新：ssq 2026105@2026-09-10 | dlt 26104@2026-09-12
[2026-09-13T01:33:47+08:00] 参数安全门：跳过 3 条口径不符题（不写脏账）— cwl_ssq_red_contains 缺合法 ball（实测=null） @id732 / cwl_ssq_red_contains 缺合法 ball（实测=null） @id734 / cwl_ssq_red_contains 缺合法 ball（实测=null） @id736
[2026-09-13T01:33:47+08:00]   pending kind=openmeteo_daily_max x1 due=2026-09-14 — archive 尚无 2026-09-14（ERA5 未入库）
[2026-09-13T01:33:51+08:00]   pending kind=dbnomics_series_value x1 due=2026-10-01 — 2026-09 观测值未发布
[2026-09-13T01:33:51+08:00]   pending kind=cwl_ssq_red_contains x1 due=2026-09-13 — 第 2026106 期未开奖
[2026-09-13T01:33:51+08:00]   pending kind=cwl_ssq_blue_odd x1 due=2026-09-13 — 第 2026106 期未开奖
[2026-09-13T01:33:51+08:00]   pending kind=openmeteo_daily_max x1 due=2026-09-13 — archive 尚无 2026-09-13（ERA5 未入库）
[2026-09-13T01:33:51+08:00]   pending kind=openmeteo_daily_max x1 due=2026-09-14 — archive 尚无 2026-09-14（ERA5 未入库）
[2026-09-13T01:33:52+08:00]   pending kind=openmeteo_daily_max x1 due=2026-09-15 — archive 尚无 2026-09-15（ERA5 未入库）
[2026-09-13T01:33:52+08:00]   pending kind=openmeteo_daily_max x1 due=2026-09-16 — archive 尚无 2026-09-16（ERA5 未入库）
[2026-09-13T01:33:52+08:00]   pending kind=openmeteo_daily_max x1 due=2026-09-13 — archive 尚无 2026-09-13（ERA5 未入库）
[2026-09-13T01:33:52+08:00]   pending kind=openmeteo_daily_max x1 due=2026-09-14 — archive 尚无 2026-09-14（ERA5 未入库）
[2026-09-13T01:33:52+08:00]   pending kind=openmeteo_daily_max x1 due=2026-09-15 — archive 尚无 2026-09-15（ERA5 未入库）
[2026-09-13T01:33:53+08:00]   pending kind=openmeteo_daily_max x1 due=2026-09-16 — archive 尚无 2026-09-16（ERA5 未入库）
[2026-09-13T01:33:53+08:00]   pending kind=openmeteo_daily_max x1 due=2026-09-13 — archive 尚无 2026-09-13（ERA5 未入库）
[2026-09-13T01:33:53+08:00]   pending kind=openmeteo_daily_max x1 due=2026-09-14 — archive 尚无 2026-09-14（ERA5 未入库）
[2026-09-13T01:33:53+08:00]   pending kind=openmeteo_daily_max x1 due=2026-09-15 — archive 尚无 2026-09-15（ERA5 未入库）
[2026-09-13T01:33:53+08:00]   pending kind=openmeteo_daily_max x1 due=2026-09-16 — archive 尚无 2026-09-16（ERA5 未入库）
[2026-09-13T01:33:53+08:00]   pending kind=openmeteo_daily_max x1 due=2026-09-13 — archive 尚无 2026-09-13（ERA5 未入库）
[2026-09-13T01:33:54+08:00]   pending kind=openmeteo_daily_max x1 due=2026-09-14 — archive 尚无 2026-09-14（ERA5 未入库）
[2026-09-13T01:33:54+08:00]   pending kind=openmeteo_daily_max x1 due=2026-09-15 — archive 尚无 2026-09-15（ERA5 未入库）
[2026-09-13T01:33:54+08:00]   pending kind=openmeteo_daily_max x1 due=2026-09-16 — archive 尚无 2026-09-16（ERA5 未入库）
[2026-09-13T01:33:55+08:00]   pending kind=dbnomics_series_value x1 due=2026-11-01 — 2026-10 观测值未发布
[2026-09-13T01:33:56+08:00]   pending kind=dbnomics_series_value x1 due=2026-11-01 — 2026-10 观测值未发布
[2026-09-13T01:33:56+08:00]   [dry] would resolve kind=openmeteo_forecast_daily_max x1 -> true | Open-Meteo forecast 2026-09-14 max=30.3C（阈值 >27，机检）
[2026-09-13T01:33:57+08:00]   [dry] would resolve kind=openmeteo_forecast_daily_max x1 -> true | Open-Meteo forecast 2026-09-15 max=28.6C（阈值 >27，机检）
[2026-09-13T01:33:57+08:00]   [dry] would resolve kind=openmeteo_forecast_daily_max x1 -> true | Open-Meteo forecast 2026-09-17 max=31.1C（阈值 >27，机检）
[2026-09-13T01:33:57+08:00]   [dry] would resolve kind=openmeteo_forecast_daily_max x1 -> true | Open-Meteo forecast 2026-09-19 max=30.5C（阈值 >27，机检）
[2026-09-13T01:33:57+08:00]   [dry] would resolve kind=openmeteo_forecast_daily_max x1 -> true | Open-Meteo forecast 2026-09-21 max=28.6C（阈值 >27，机检）
[2026-09-13T01:33:57+08:00]   [dry] would resolve kind=openmeteo_forecast_daily_max x1 -> false | Open-Meteo forecast 2026-09-24 max=26.1C（阈值 >27，机检）
[2026-09-13T01:33:58+08:00]   [dry] would resolve kind=openmeteo_forecast_daily_max x1 -> true | Open-Meteo forecast 2026-09-27 max=28.8C（阈值 >27，机检）
[2026-09-13T01:33:58+08:00]   [dry] would resolve kind=openmeteo_forecast_daily_max x1 -> false | Open-Meteo forecast 2026-09-14 max=26.5C（阈值 >27，机检）
[2026-09-13T01:33:58+08:00]   [dry] would resolve kind=openmeteo_forecast_daily_max x1 -> true | Open-Meteo forecast 2026-09-15 max=29.4C（阈值 >27，机检）
[2026-09-13T01:33:58+08:00]   [dry] would resolve kind=openmeteo_forecast_daily_max x1 -> true | Open-Meteo forecast 2026-09-17 max=31.7C（阈值 >27，机检）
[2026-09-13T01:33:58+08:00]   [dry] would resolve kind=openmeteo_forecast_daily_max x1 -> true | Open-Meteo forecast 2026-09-19 max=30.5C（阈值 >27，机检）
[2026-09-13T01:33:59+08:00]   [dry] would resolve kind=openmeteo_forecast_daily_max x1 -> false | Open-Meteo forecast 2026-09-21 max=19.4C（阈值 >27，机检）
[2026-09-13T01:33:59+08:00]   [dry] would resolve kind=openmeteo_forecast_daily_max x1 -> false | Open-Meteo forecast 2026-09-24 max=23.9C（阈值 >27，机检）
[2026-09-13T01:33:59+08:00]   [dry] would resolve kind=openmeteo_forecast_daily_max x1 -> true | Open-Meteo forecast 2026-09-27 max=27.8C（阈值 >27，机检）
[2026-09-13T01:33:59+08:00]   [dry] would resolve kind=openmeteo_forecast_daily_max x1 -> false | Open-Meteo forecast 2026-09-14 max=31C（阈值 >31，机检）
[2026-09-13T01:34:00+08:00]   [dry] would resolve kind=openmeteo_forecast_daily_max x1 -> false | Open-Meteo forecast 2026-09-15 max=30.2C（阈值 >31，机检）
[2026-09-13T01:34:00+08:00]   [dry] would resolve kind=openmeteo_forecast_daily_max x1 -> true | Open-Meteo forecast 2026-09-17 max=31.8C（阈值 >31，机检）
[2026-09-13T01:34:00+08:00]   [dry] would resolve kind=openmeteo_forecast_daily_max x1 -> true | Open-Meteo forecast 2026-09-19 max=32.7C（阈值 >31，机检）
[2026-09-13T01:34:00+08:00]   [dry] would resolve kind=openmeteo_forecast_daily_max x1 -> true | Open-Meteo forecast 2026-09-21 max=34.4C（阈值 >31，机检）
[2026-09-13T01:34:00+08:00]   [dry] would resolve kind=openmeteo_forecast_daily_max x1 -> true | Open-Meteo forecast 2026-09-24 max=31.7C（阈值 >31，机检）
[2026-09-13T01:34:01+08:00]   [dry] would resolve kind=openmeteo_forecast_daily_max x1 -> true | Open-Meteo forecast 2026-09-27 max=31.1C（阈值 >31，机检）
[2026-09-13T01:34:01+08:00]   [dry] would resolve kind=openmeteo_forecast_daily_max x1 -> false | Open-Meteo forecast 2026-09-14 max=25.1C（阈值 >26，机检）
[2026-09-13T01:34:01+08:00]   [dry] would resolve kind=openmeteo_forecast_daily_max x1 -> false | Open-Meteo forecast 2026-09-15 max=22.3C（阈值 >26，机检）
[2026-09-13T01:34:01+08:00]   [dry] would resolve kind=openmeteo_forecast_daily_max x1 -> true | Open-Meteo forecast 2026-09-17 max=27.1C（阈值 >26，机检）
[2026-09-13T01:34:01+08:00]   [dry] would resolve kind=openmeteo_forecast_daily_max x1 -> false | Open-Meteo forecast 2026-09-19 max=25.7C（阈值 >26，机检）
[2026-09-13T01:34:02+08:00]   [dry] would resolve kind=openmeteo_forecast_daily_max x1 -> false | Open-Meteo forecast 2026-09-21 max=23.4C（阈值 >26，机检）
[2026-09-13T01:34:02+08:00]   [dry] would resolve kind=openmeteo_forecast_daily_max x1 -> false | Open-Meteo forecast 2026-09-24 max=23.8C（阈值 >26，机检）
[2026-09-13T01:34:02+08:00]   [dry] would resolve kind=openmeteo_forecast_daily_max x1 -> false | Open-Meteo forecast 2026-09-27 max=24.8C（阈值 >26，机检）
[2026-09-13T01:34:02+08:00]   [dry] would resolve kind=openmeteo_forecast_daily_max x1 -> true | Open-Meteo forecast 2026-09-14 max=31.2C（阈值 >27，机检）
[2026-09-13T01:34:02+08:00]   [dry] would resolve kind=openmeteo_forecast_daily_max x1 -> false | Open-Meteo forecast 2026-09-15 max=25.9C（阈值 >27，机检）
[2026-09-13T01:34:03+08:00]   [dry] would resolve kind=openmeteo_forecast_daily_max x1 -> false | Open-Meteo forecast 2026-09-17 max=22.2C（阈值 >27，机检）
[2026-09-13T01:34:03+08:00]   [dry] would resolve kind=openmeteo_forecast_daily_max x1 -> false | Open-Meteo forecast 2026-09-19 max=25.3C（阈值 >27，机检）
[2026-09-13T01:34:03+08:00]   [dry] would resolve kind=openmeteo_forecast_daily_max x1 -> true | Open-Meteo forecast 2026-09-21 max=28.7C（阈值 >27，机检）
[2026-09-13T01:34:03+08:00]   [dry] would resolve kind=openmeteo_forecast_daily_max x1 -> true | Open-Meteo forecast 2026-09-24 max=30.1C（阈值 >27，机检）
[2026-09-13T01:34:03+08:00]   [dry] would resolve kind=openmeteo_forecast_daily_max x1 -> false | Open-Meteo forecast 2026-09-27 max=22.8C（阈值 >27，机检）
[2026-09-13T01:34:04+08:00]   [dry] would resolve kind=openmeteo_forecast_daily_max x1 -> true | Open-Meteo forecast 2026-09-14 max=25.8C（阈值 >25，机检）
[2026-09-13T01:34:04+08:00]   [dry] would resolve kind=openmeteo_forecast_daily_max x1 -> true | Open-Meteo forecast 2026-09-15 max=25.5C（阈值 >25，机检）
[2026-09-13T01:34:04+08:00]   [dry] would resolve kind=openmeteo_forecast_daily_max x1 -> true | Open-Meteo forecast 2026-09-17 max=26.4C（阈值 >25，机检）
[2026-09-13T01:34:04+08:00]   [dry] would resolve kind=openmeteo_forecast_daily_max x1 -> true | Open-Meteo forecast 2026-09-19 max=29C（阈值 >25，机检）
[2026-09-13T01:34:04+08:00]   [dry] would resolve kind=openmeteo_forecast_daily_max x1 -> true | Open-Meteo forecast 2026-09-21 max=31.3C（阈值 >25，机检）
[2026-09-13T01:34:05+08:00]   [dry] would resolve kind=openmeteo_forecast_daily_max x1 -> false | Open-Meteo forecast 2026-09-24 max=24.5C（阈值 >25，机检）
[2026-09-13T01:34:05+08:00]   [dry] would resolve kind=openmeteo_forecast_daily_max x1 -> true | Open-Meteo forecast 2026-09-27 max=26.7C（阈值 >25，机检）
[2026-09-13T01:34:05+08:00]   [dry] would resolve kind=openmeteo_forecast_daily_max x1 -> true | Open-Meteo forecast 2026-09-14 max=29.9C（阈值 >29，机检）
[2026-09-13T01:34:05+08:00]   [dry] would resolve kind=openmeteo_forecast_daily_max x1 -> true | Open-Meteo forecast 2026-09-15 max=31.5C（阈值 >29，机检）
[2026-09-13T01:34:05+08:00]   [dry] would resolve kind=openmeteo_forecast_daily_max x1 -> false | Open-Meteo forecast 2026-09-17 max=29C（阈值 >29，机检）
[2026-09-13T01:34:06+08:00]   [dry] would resolve kind=openmeteo_forecast_daily_max x1 -> true | Open-Meteo forecast 2026-09-19 max=30C（阈值 >29，机检）
[2026-09-13T01:34:06+08:00]   [dry] would resolve kind=openmeteo_forecast_daily_max x1 -> true | Open-Meteo forecast 2026-09-21 max=33.3C（阈值 >29，机检）
[2026-09-13T01:34:06+08:00]   [dry] would resolve kind=openmeteo_forecast_daily_max x1 -> true | Open-Meteo forecast 2026-09-24 max=33C（阈值 >29，机检）
[2026-09-13T01:34:06+08:00]   [dry] would resolve kind=openmeteo_forecast_daily_max x1 -> true | Open-Meteo forecast 2026-09-27 max=30.5C（阈值 >29，机检）
[2026-09-13T01:34:06+08:00]   [dry] would resolve kind=openmeteo_forecast_daily_max x1 -> true | Open-Meteo forecast 2026-09-14 max=25.4C（阈值 >20，机检）
[2026-09-13T01:34:07+08:00]   [dry] would resolve kind=openmeteo_forecast_daily_max x1 -> true | Open-Meteo forecast 2026-09-15 max=21C（阈值 >20，机检）
[2026-09-13T01:34:07+08:00]   [dry] would resolve kind=openmeteo_forecast_daily_max x1 -> false | Open-Meteo forecast 2026-09-17 max=15.7C（阈值 >20，机检）
[2026-09-13T01:34:07+08:00]   [dry] would resolve kind=openmeteo_forecast_daily_max x1 -> true | Open-Meteo forecast 2026-09-19 max=22.9C（阈值 >20，机检）
[2026-09-13T01:34:07+08:00]   [dry] would resolve kind=openmeteo_forecast_daily_max x1 -> false | Open-Meteo forecast 2026-09-21 max=17.9C（阈值 >20，机检）
[2026-09-13T01:34:07+08:00]   [dry] would resolve kind=openmeteo_forecast_daily_max x1 -> true | Open-Meteo forecast 2026-09-24 max=24.7C（阈值 >20，机检）
[2026-09-13T01:34:08+08:00]   [dry] would resolve kind=openmeteo_forecast_daily_max x1 -> true | Open-Meteo forecast 2026-09-27 max=20.2C（阈值 >20，机检）
[2026-09-13T01:34:08+08:00]   [dry] would resolve kind=openmeteo_forecast_daily_max x1 -> true | Open-Meteo forecast 2026-09-14 max=23.5C（阈值 >20，机检）
[2026-09-13T01:34:08+08:00]   [dry] would resolve kind=openmeteo_forecast_daily_max x1 -> true | Open-Meteo forecast 2026-09-15 max=23.8C（阈值 >20，机检）
[2026-09-13T01:34:08+08:00]   [dry] would resolve kind=openmeteo_forecast_daily_max x1 -> false | Open-Meteo forecast 2026-09-17 max=19.8C（阈值 >20，机检）
[2026-09-13T01:34:08+08:00]   [dry] would resolve kind=openmeteo_forecast_daily_max x1 -> true | Open-Meteo forecast 2026-09-19 max=21.3C（阈值 >20，机检）
[2026-09-13T01:34:09+08:00]   [dry] would resolve kind=openmeteo_forecast_daily_max x1 -> true | Open-Meteo forecast 2026-09-21 max=21C（阈值 >20，机检）
[2026-09-13T01:34:09+08:00]   [dry] would resolve kind=openmeteo_forecast_daily_max x1 -> false | Open-Meteo forecast 2026-09-24 max=18.9C（阈值 >20，机检）
[2026-09-13T01:34:09+08:00]   pending kind=openmeteo_forecast_daily_max x1 due=2026-09-27 — 尚无 2026-09-27 日值
[2026-09-13T01:34:09+08:00]   [dry] would resolve kind=openmeteo_forecast_daily_max x1 -> true | Open-Meteo forecast 2026-09-14 max=28C（阈值 >22，机检）
[2026-09-13T01:34:09+08:00]   [dry] would resolve kind=openmeteo_forecast_daily_max x1 -> true | Open-Meteo forecast 2026-09-15 max=30.7C（阈值 >22，机检）
[2026-09-13T01:34:10+08:00]   [dry] would resolve kind=openmeteo_forecast_daily_max x1 -> false | Open-Meteo forecast 2026-09-17 max=19.4C（阈值 >22，机检）
[2026-09-13T01:34:10+08:00]   [dry] would resolve kind=openmeteo_forecast_daily_max x1 -> false | Open-Meteo forecast 2026-09-19 max=21.5C（阈值 >22，机检）
[2026-09-13T01:34:10+08:00]   [dry] would resolve kind=openmeteo_forecast_daily_max x1 -> true | Open-Meteo forecast 2026-09-21 max=24.6C（阈值 >22，机检）
[2026-09-13T01:34:10+08:00]   [dry] would resolve kind=openmeteo_forecast_daily_max x1 -> false | Open-Meteo forecast 2026-09-24 max=21.5C（阈值 >22，机检）
[2026-09-13T01:34:10+08:00]   [dry] would resolve kind=openmeteo_forecast_daily_max x1 -> true | Open-Meteo forecast 2026-09-27 max=25.5C（阈值 >22，机检）
[2026-09-13T01:34:11+08:00]   [dry] would resolve kind=openmeteo_forecast_daily_max x1 -> true | Open-Meteo forecast 2026-09-14 max=25.7C（阈值 >25，机检）
[2026-09-13T01:34:11+08:00]   [dry] would resolve kind=openmeteo_forecast_daily_max x1 -> false | Open-Meteo forecast 2026-09-15 max=25C（阈值 >25，机检）
[2026-09-13T01:34:11+08:00]   [dry] would resolve kind=openmeteo_forecast_daily_max x1 -> false | Open-Meteo forecast 2026-09-17 max=23C（阈值 >25，机检）
[2026-09-13T01:34:11+08:00]   [dry] would resolve kind=openmeteo_forecast_daily_max x1 -> false | Open-Meteo forecast 2026-09-19 max=25C（阈值 >25，机检）
[2026-09-13T01:34:11+08:00]   [dry] would resolve kind=openmeteo_forecast_daily_max x1 -> false | Open-Meteo forecast 2026-09-21 max=23.8C（阈值 >25，机检）
[2026-09-13T01:34:12+08:00]   [dry] would resolve kind=openmeteo_forecast_daily_max x1 -> true | Open-Meteo forecast 2026-09-24 max=25.1C（阈值 >25，机检）
[2026-09-13T01:34:12+08:00]   [dry] would resolve kind=openmeteo_forecast_daily_max x1 -> false | Open-Meteo forecast 2026-09-27 max=17.9C（阈值 >25，机检）
[2026-09-13T01:34:12+08:00]   [dry] would resolve kind=openmeteo_forecast_daily_max x1 -> false | Open-Meteo forecast 2026-09-14 max=29.8C（阈值 >31，机检）
[2026-09-13T01:34:12+08:00]   [dry] would resolve kind=openmeteo_forecast_daily_max x1 -> false | Open-Meteo forecast 2026-09-15 max=30C（阈值 >31，机检）
[2026-09-13T01:34:12+08:00]   [dry] would resolve kind=openmeteo_forecast_daily_max x1 -> false | Open-Meteo forecast 2026-09-17 max=30C（阈值 >31，机检）
[2026-09-13T01:34:13+08:00]   [dry] would resolve kind=openmeteo_forecast_daily_max x1 -> false | Open-Meteo forecast 2026-09-19 max=31C（阈值 >31，机检）
[2026-09-13T01:34:13+08:00]   [dry] would resolve kind=openmeteo_forecast_daily_max x1 -> true | Open-Meteo forecast 2026-09-21 max=34.2C（阈值 >31，机检）
[2026-09-13T01:34:13+08:00]   [dry] would resolve kind=openmeteo_forecast_daily_max x1 -> false | Open-Meteo forecast 2026-09-24 max=25.9C（阈值 >31，机检）
[2026-09-13T01:34:13+08:00]   [dry] would resolve kind=openmeteo_forecast_daily_max x1 -> false | Open-Meteo forecast 2026-09-27 max=29.2C（阈值 >31，机检）
[2026-09-13T01:34:13+08:00]   [dry] would resolve kind=openmeteo_forecast_daily_max x1 -> true | Open-Meteo forecast 2026-09-14 max=37.4C（阈值 >36，机检）
[2026-09-13T01:34:14+08:00]   [dry] would resolve kind=openmeteo_forecast_daily_max x1 -> true | Open-Meteo forecast 2026-09-15 max=36.8C（阈值 >36，机检）
[2026-09-13T01:34:14+08:00]   [dry] would resolve kind=openmeteo_forecast_daily_max x1 -> true | Open-Meteo forecast 2026-09-17 max=37.6C（阈值 >36，机检）
[2026-09-13T01:34:14+08:00]   [dry] would resolve kind=openmeteo_forecast_daily_max x1 -> false | Open-Meteo forecast 2026-09-19 max=33C（阈值 >36，机检）
[2026-09-13T01:34:14+08:00]   [dry] would resolve kind=openmeteo_forecast_daily_max x1 -> true | Open-Meteo forecast 2026-09-21 max=36.1C（阈值 >36，机检）
[2026-09-13T01:34:14+08:00]   [dry] would resolve kind=openmeteo_forecast_daily_max x1 -> false | Open-Meteo forecast 2026-09-24 max=35.8C（阈值 >36，机检）
[2026-09-13T01:34:15+08:00]   [dry] would resolve kind=openmeteo_forecast_daily_max x1 -> true | Open-Meteo forecast 2026-09-27 max=36.9C（阈值 >36，机检）
[2026-09-13T01:34:15+08:00]   [dry] would resolve kind=openmeteo_forecast_daily_max x1 -> false | Open-Meteo forecast 2026-09-14 max=16C（阈值 >27，机检）
[2026-09-13T01:34:15+08:00]   [dry] would resolve kind=openmeteo_forecast_daily_max x1 -> false | Open-Meteo forecast 2026-09-15 max=18.5C（阈值 >27，机检）
[2026-09-13T01:34:15+08:00]   [dry] would resolve kind=openmeteo_forecast_daily_max x1 -> false | Open-Meteo forecast 2026-09-17 max=20.4C（阈值 >27，机检）
[2026-09-13T01:34:15+08:00]   [dry] would resolve kind=openmeteo_forecast_daily_max x1 -> false | Open-Meteo forecast 2026-09-19 max=23.9C（阈值 >27，机检）
[2026-09-13T01:34:15+08:00]   [dry] would resolve kind=openmeteo_forecast_daily_max x1 -> false | Open-Meteo forecast 2026-09-21 max=24.5C（阈值 >27，机检）
[2026-09-13T01:34:16+08:00]   [dry] would resolve kind=openmeteo_forecast_daily_max x1 -> false | Open-Meteo forecast 2026-09-24 max=21.8C（阈值 >27，机检）
[2026-09-13T01:34:16+08:00]   [dry] would resolve kind=openmeteo_forecast_daily_max x1 -> true | Open-Meteo forecast 2026-09-27 max=30.5C（阈值 >27，机检）
[2026-09-13T01:34:26+08:00]   fetch-fail kind=dbnomics_series_value x1 — fetch failed（跳过不写）
[2026-09-13T01:34:27+08:00]   pending kind=dbnomics_series_value x1 due=2026-12-01 — 2026-11 观测值未发布
[2026-09-13T01:34:30+08:00]   pending kind=dbnomics_series_value x1 due=2026-11-01 — 2026-10 观测值未发布
[2026-09-13T01:34:31+08:00]   pending kind=dbnomics_series_value x1 due=2026-12-01 — 2026-11 观测值未发布
[2026-09-13T01:34:33+08:00]   pending kind=dbnomics_series_value x1 due=2026-11-01 — 2026-10 观测值未发布
[2026-09-13T01:34:34+08:00]   pending kind=dbnomics_series_value x1 due=2026-12-01 — 2026-11 观测值未发布
[2026-09-13T01:34:36+08:00]   pending kind=dbnomics_series_value x1 due=2026-11-01 — 2026-10 观测值未发布
[2026-09-13T01:34:37+08:00]   pending kind=dbnomics_series_value x1 due=2026-12-01 — 2026-11 观测值未发布
[2026-09-13T01:34:37+08:00]   pending kind=cwl_ssq_red_contains x1 due=2026-09-13 — 第 2026106 期未开奖
[2026-09-13T01:34:37+08:00]   pending kind=cwl_ssq_red_contains x1 due=2026-09-15 — 第 2026107 期未开奖
[2026-09-13T01:34:37+08:00]   pending kind=cwl_ssq_red_contains x1 due=2026-09-17 — 第 2026108 期未开奖
[2026-09-13T01:34:37+08:00]   pending kind=dbnomics_series_value x1 due=2026-11-01 — 2026-10 观测值未发布
[2026-09-13T01:34:38+08:00]   pending kind=dbnomics_series_value x1 due=2026-12-01 — 2026-11 观测值未发布
[2026-09-13T01:34:38+08:00]   pending kind=dbnomics_series_value x1 due=2026-11-01 — 2026-10 观测值未发布
[2026-09-13T01:34:39+08:00]   pending kind=dbnomics_series_value x1 due=2026-12-01 — 2026-11 观测值未发布
[2026-09-13T01:34:39+08:00]   pending kind=dbnomics_series_value x1 due=2026-11-01 — 2026-10 观测值未发布
[2026-09-13T01:34:40+08:00]   pending kind=dbnomics_series_value x1 due=2026-12-01 — 2026-11 观测值未发布
[2026-09-13T01:34:40+08:00]   pending kind=dbnomics_series_value x1 due=2026-11-01 — 2026-10 观测值未发布
[2026-09-13T01:34:41+08:00]   pending kind=dbnomics_series_value x1 due=2026-12-01 — 2026-11 观测值未发布
[2026-09-13T01:34:41+08:00]   pending kind=dbnomics_series_value x1 due=2026-11-01 — 2026-10 观测值未发布
[2026-09-13T01:34:42+08:00]   pending kind=dbnomics_series_value x1 due=2026-12-01 — 2026-11 观测值未发布
[2026-09-13T01:34:42+08:00]   pending kind=dbnomics_series_value x1 due=2026-11-01 — 2026-10 观测值未发布
[2026-09-13T01:34:42+08:00]   pending kind=dbnomics_series_value x1 due=2026-12-01 — 2026-11 观测值未发布
[2026-09-13T01:34:43+08:00]   pending kind=dbnomics_series_value x1 due=2026-11-01 — 2026-10 观测值未发布
[2026-09-13T01:34:43+08:00]   pending kind=dbnomics_series_value x1 due=2026-12-01 — 2026-11 观测值未发布
[2026-09-13T01:34:44+08:00]   pending kind=dbnomics_series_value x1 due=2026-11-01 — 2026-10 观测值未发布
[2026-09-13T01:34:44+08:00]   pending kind=dbnomics_series_value x1 due=2026-12-01 — 2026-11 观测值未发布
[2026-09-13T01:34:47+08:00]   pending kind=dbnomics_series_value x1 due=2026-11-01 — 2026-10 观测值未发布
[2026-09-13T01:34:47+08:00]   pending kind=dbnomics_series_value x1 due=2026-12-01 — 2026-11 观测值未发布
[2026-09-13T01:34:48+08:00]   pending kind=dbnomics_series_value x1 due=2026-11-01 — 2026-10 观测值未发布
[2026-09-13T01:34:49+08:00]   pending kind=dbnomics_series_value x1 due=2026-12-01 — 2026-11 观测值未发布
[2026-09-13T01:34:52+08:00]   pending kind=dbnomics_series_value x1 due=2026-11-01 — 2026-10 观测值未发布
[2026-09-13T01:34:52+08:00]   pending kind=dbnomics_series_value x1 due=2026-12-01 — 2026-11 观测值未发布
[2026-09-13T01:34:53+08:00]   pending kind=dbnomics_series_value x1 due=2026-11-01 — 2026-10 观测值未发布
[2026-09-13T01:34:54+08:00]   pending kind=dbnomics_series_value x1 due=2026-12-01 — 2026-11 观测值未发布
[2026-09-13T01:34:56+08:00]   pending kind=dbnomics_series_value x1 due=2026-11-01 — 2026-10 观测值未发布
[2026-09-13T01:34:57+08:00]   pending kind=dbnomics_series_value x1 due=2026-12-01 — 2026-11 观测值未发布
[2026-09-13T01:34:58+08:00]   pending kind=dbnomics_series_value x1 due=2026-11-01 — 2026-10 观测值未发布
[2026-09-13T01:34:59+08:00]   pending kind=dbnomics_series_value x1 due=2026-12-01 — 2026-11 观测值未发布
[2026-09-13T01:35:01+08:00]   pending kind=dbnomics_series_value x1 due=2026-11-01 — 2026-10 观测值未发布
[2026-09-13T01:35:02+08:00]   pending kind=dbnomics_series_value x1 due=2026-12-01 — 2026-11 观测值未发布
[2026-09-13T01:35:02+08:00]   pending kind=dbnomics_series_value x1 due=2026-11-01 — 2026-10 观测值未发布
[2026-09-13T01:35:03+08:00]   pending kind=dbnomics_series_value x1 due=2026-12-01 — 2026-11 观测值未发布
[2026-09-13T01:35:05+08:00]   pending kind=dbnomics_series_value x1 due=2026-11-01 — 2026-10 观测值未发布
[2026-09-13T01:35:06+08:00]   pending kind=dbnomics_series_value x1 due=2026-12-01 — 2026-11 观测值未发布
[2026-09-13T01:35:07+08:00]   pending kind=dbnomics_series_value x1 due=2026-11-01 — 2026-10 观测值未发布
[2026-09-13T01:35:07+08:00]   pending kind=dbnomics_series_value x1 due=2026-12-01 — 2026-11 观测值未发布
[2026-09-13T01:35:10+08:00]   pending kind=dbnomics_series_value x1 due=2026-11-01 — 2026-10 观测值未发布
[2026-09-13T01:35:10+08:00]   pending kind=dbnomics_series_value x1 due=2026-12-01 — 2026-11 观测值未发布
[2026-09-13T01:35:11+08:00]   pending kind=dbnomics_series_value x1 due=2026-11-01 — 2026-10 观测值未发布
[2026-09-13T01:35:12+08:00]   pending kind=dbnomics_series_value x1 due=2026-12-01 — 2026-11 观测值未发布
[2026-09-13T01:35:14+08:00]   pending kind=dbnomics_series_value x1 due=2026-11-01 — 2026-10 观测值未发布
[2026-09-13T01:35:15+08:00]   pending kind=dbnomics_series_value x1 due=2026-12-01 — 2026-11 观测值未发布
[2026-09-13T01:35:16+08:00]   pending kind=dbnomics_series_value x1 due=2026-11-01 — 2026-10 观测值未发布
[2026-09-13T01:35:16+08:00]   pending kind=dbnomics_series_value x1 due=2026-12-01 — 2026-11 观测值未发布
[2026-09-13T01:35:19+08:00]   pending kind=dbnomics_series_value x1 due=2026-11-01 — 2026-10 观测值未发布
[2026-09-13T01:35:20+08:00]   pending kind=dbnomics_series_value x1 due=2026-12-01 — 2026-11 观测值未发布
[2026-09-13T01:35:21+08:00]   pending kind=dbnomics_series_value x1 due=2026-11-01 — 2026-10 观测值未发布
[2026-09-13T01:35:21+08:00]   pending kind=dbnomics_series_value x1 due=2026-12-01 — 2026-11 观测值未发布
[2026-09-13T01:35:22+08:00]   pending kind=dbnomics_series_value x1 due=2026-11-01 — 2026-10 观测值未发布
[2026-09-13T01:35:23+08:00]   pending kind=dbnomics_series_value x1 due=2026-12-01 — 2026-11 观测值未发布
[2026-09-13T01:35:23+08:00]   pending kind=dbnomics_series_value x1 due=2026-11-01 — 2026-10 观测值未发布
[2026-09-13T01:35:24+08:00]   pending kind=dbnomics_series_value x1 due=2026-12-01 — 2026-11 观测值未发布
[2026-09-13T01:35:25+08:00]   pending kind=dbnomics_series_value x1 due=2026-11-01 — 2026-10 观测值未发布
[2026-09-13T01:35:25+08:00]   pending kind=dbnomics_series_value x1 due=2026-12-01 — 2026-11 观测值未发布
[2026-09-13T01:35:26+08:00]   pending kind=dbnomics_series_value x1 due=2026-11-01 — 2026-10 观测值未发布
[2026-09-13T01:35:27+08:00]   pending kind=dbnomics_series_value x1 due=2026-12-01 — 2026-11 观测值未发布
[2026-09-13T01:35:27+08:00]   pending kind=dbnomics_series_value x1 due=2026-11-01 — 2026-10 观测值未发布
[2026-09-13T01:35:28+08:00]   pending kind=dbnomics_series_value x1 due=2026-12-01 — 2026-11 观测值未发布
[2026-09-13T01:35:28+08:00]   pending kind=dbnomics_series_value x1 due=2026-11-01 — 2026-10 观测值未发布
[2026-09-13T01:35:29+08:00]   pending kind=dbnomics_series_value x1 due=2026-12-01 — 2026-11 观测值未发布
[2026-09-13T01:35:29+08:00]   pending kind=dbnomics_series_value x1 due=2026-11-01 — 2026-10 观测值未发布
[2026-09-13T01:35:30+08:00]   pending kind=dbnomics_series_value x1 due=2026-12-01 — 2026-11 观测值未发布
[2026-09-13T01:35:30+08:00]   pending kind=dbnomics_series_value x1 due=2026-11-01 — 2026-10 观测值未发布
[2026-09-13T01:35:31+08:00]   pending kind=dbnomics_series_value x1 due=2026-12-01 — 2026-11 观测值未发布
[2026-09-13T01:35:31+08:00]   pending kind=dbnomics_series_value x1 due=2026-11-01 — 2026-10 观测值未发布
[2026-09-13T01:35:32+08:00]   pending kind=dbnomics_series_value x1 due=2026-12-01 — 2026-11 观测值未发布
[2026-09-13T01:35:32+08:00]   pending kind=dbnomics_series_value x1 due=2026-11-01 — 2026-10 观测值未发布
[2026-09-13T01:35:32+08:00]   pending kind=dbnomics_series_value x1 due=2026-12-01 — 2026-11 观测值未发布
[2026-09-13T01:35:33+08:00]   pending kind=dbnomics_series_value x1 due=2026-11-01 — 2026-10 观测值未发布
[2026-09-13T01:35:33+08:00]   pending kind=dbnomics_series_value x1 due=2026-12-01 — 2026-11 观测值未发布
[2026-09-13T01:35:33+08:00]   pending kind=dbnomics_series_value x1 due=2026-11-01 — 2026-10 观测值未发布
[2026-09-13T01:35:34+08:00]   pending kind=dbnomics_series_value x1 due=2026-12-01 — 2026-11 观测值未发布
[2026-09-13T01:35:34+08:00]   pending kind=dbnomics_series_value x1 due=2026-11-01 — 2026-10 观测值未发布
[2026-09-13T01:35:34+08:00]   pending kind=dbnomics_series_value x1 due=2026-12-01 — 2026-11 观测值未发布
[2026-09-13T01:35:35+08:00]   pending kind=dbnomics_series_value x1 due=2026-11-01 — 2026-10 观测值未发布
[2026-09-13T01:35:35+08:00]   pending kind=dbnomics_series_value x1 due=2026-12-01 — 2026-11 观测值未发布
[2026-09-13T01:35:36+08:00]   pending kind=dbnomics_series_value x1 due=2026-11-01 — 2026-10 观测值未发布
[2026-09-13T01:35:36+08:00]   pending kind=dbnomics_series_value x1 due=2026-12-01 — 2026-11 观测值未发布
[2026-09-13T01:35:36+08:00]   pending kind=dbnomics_series_value x1 due=2026-11-01 — 2026-10 观测值未发布
[2026-09-13T01:35:37+08:00]   pending kind=dbnomics_series_value x1 due=2026-12-01 — 2026-11 观测值未发布
[2026-09-13T01:35:37+08:00]   pending kind=cwl_ssq_red_contains x1 due=2026-09-13 — 第 2026106 期未开奖
[2026-09-13T01:35:37+08:00]   pending kind=cwl_ssq_red_contains x1 due=2026-09-15 — 第 2026107 期未开奖
[2026-09-13T01:35:37+08:00]   pending kind=cwl_ssq_red_contains x1 due=2026-09-17 — 第 2026108 期未开奖
[2026-09-13T01:35:37+08:00]   pending kind=cwl_ssq_red_contains x1 due=2026-09-20 — 第 2026109 期未开奖
[2026-09-13T01:35:37+08:00]   pending kind=cwl_ssq_red_contains x1 due=2026-09-22 — 第 2026110 期未开奖
[2026-09-13T01:35:37+08:00]   pending kind=cwl_ssq_red_contains x1 due=2026-09-24 — 第 2026111 期未开奖
[2026-09-13T01:35:37+08:00]   pending kind=cwl_ssq_red_contains x1 due=2026-09-27 — 第 2026112 期未开奖
[2026-09-13T01:35:37+08:00]   pending kind=cwl_ssq_red_contains x1 due=2026-09-29 — 第 2026113 期未开奖
[2026-09-13T01:35:37+08:00]   pending kind=cwl_ssq_red_contains x1 due=2026-10-01 — 第 2026114 期未开奖
[2026-09-13T01:35:37+08:00]   pending kind=cwl_ssq_red_contains x1 due=2026-10-04 — 第 2026115 期未开奖
[2026-09-13T01:35:37+08:00]   pending kind=cwl_ssq_red_contains x1 due=2026-10-06 — 第 2026116 期未开奖
[2026-09-13T01:35:37+08:00]   pending kind=cwl_ssq_red_contains x1 due=2026-10-08 — 第 2026117 期未开奖
[2026-09-13T01:35:37+08:00]   pending kind=cwl_ssq_blue_odd x1 due=2026-09-13 — 第 2026106 期未开奖
[2026-09-13T01:35:37+08:00]   pending kind=cwl_ssq_blue_odd x1 due=2026-09-15 — 第 2026107 期未开奖
[2026-09-13T01:35:37+08:00]   pending kind=cwl_ssq_blue_odd x1 due=2026-09-17 — 第 2026108 期未开奖
[2026-09-13T01:35:37+08:00]   pending kind=cwl_ssq_blue_odd x1 due=2026-09-20 — 第 2026109 期未开奖
[2026-09-13T01:35:37+08:00]   pending kind=cwl_ssq_blue_odd x1 due=2026-09-22 — 第 2026110 期未开奖
[2026-09-13T01:35:37+08:00]   pending kind=cwl_ssq_blue_odd x1 due=2026-09-24 — 第 2026111 期未开奖
[2026-09-13T01:35:37+08:00]   pending kind=cwl_ssq_blue_odd x1 due=2026-09-27 — 第 2026112 期未开奖
[2026-09-13T01:35:37+08:00]   pending kind=cwl_ssq_blue_odd x1 due=2026-09-29 — 第 2026113 期未开奖
[2026-09-13T01:35:37+08:00]   pending kind=cwl_ssq_blue_odd x1 due=2026-10-01 — 第 2026114 期未开奖
[2026-09-13T01:35:37+08:00]   pending kind=cwl_ssq_blue_odd x1 due=2026-10-04 — 第 2026115 期未开奖
[2026-09-13T01:35:37+08:00]   pending kind=cwl_ssq_blue_odd x1 due=2026-10-06 — 第 2026116 期未开奖
[2026-09-13T01:35:37+08:00]   pending kind=cwl_ssq_blue_odd x1 due=2026-10-08 — 第 2026117 期未开奖
[2026-09-13T01:35:37+08:00]   pending kind=dlt_draw_result x1 due=2026-09-14 — 第 26105 期未开奖
[2026-09-13T01:35:37+08:00]   pending kind=dlt_draw_result x1 due=2026-09-16 — 第 26106 期未开奖
[2026-09-13T01:35:37+08:00]   pending kind=dlt_draw_result x1 due=2026-09-19 — 第 26107 期未开奖
[2026-09-13T01:35:37+08:00]   pending kind=dlt_draw_result x1 due=2026-09-21 — 第 26108 期未开奖
[2026-09-13T01:35:37+08:00]   pending kind=dlt_draw_result x1 due=2026-09-23 — 第 26109 期未开奖
[2026-09-13T01:35:37+08:00]   pending kind=dlt_draw_result x1 due=2026-09-26 — 第 26110 期未开奖
[2026-09-13T01:35:37+08:00]   pending kind=dlt_draw_result x1 due=2026-09-28 — 第 26111 期未开奖
[2026-09-13T01:35:38+08:00]   pending kind=dlt_draw_result x1 due=2026-09-30 — 第 26112 期未开奖
[2026-09-13T01:35:38+08:00]   pending kind=dlt_draw_result x1 due=2026-10-03 — 第 26113 期未开奖
[2026-09-13T01:35:38+08:00]   pending kind=dlt_draw_result x1 due=2026-10-05 — 第 26114 期未开奖
[2026-09-13T01:35:38+08:00]   pending kind=dlt_draw_result x1 due=2026-10-07 — 第 26115 期未开奖
[2026-09-13T01:35:38+08:00]   pending kind=dlt_draw_result x1 due=2026-10-10 — 第 26116 期未开奖
[2026-09-13T01:35:38+08:00]   pending kind=dlt_draw_result x1 due=2026-10-12 — 第 26117 期未开奖
[2026-09-13T01:35:38+08:00]   pending kind=dlt_draw_result x1 due=2026-10-14 — 第 26118 期未开奖
[2026-09-13T01:35:38+08:00]   pending kind=dlt_draw_result x1 due=2026-10-17 — 第 26119 期未开奖
[2026-09-13T01:35:38+08:00]   pending kind=dlt_draw_result x1 due=2026-10-19 — 第 26120 期未开奖
[2026-09-13T01:35:38+08:00]   pending kind=dlt_draw_result x1 due=2026-09-14 — 第 26105 期未开奖
[2026-09-13T01:35:38+08:00]   pending kind=dlt_draw_result x1 due=2026-09-16 — 第 26106 期未开奖
[2026-09-13T01:35:38+08:00]   pending kind=dlt_draw_result x1 due=2026-09-19 — 第 26107 期未开奖
[2026-09-13T01:35:38+08:00]   pending kind=dlt_draw_result x1 due=2026-09-21 — 第 26108 期未开奖
[2026-09-13T01:35:38+08:00]   pending kind=dlt_draw_result x1 due=2026-09-23 — 第 26109 期未开奖
[2026-09-13T01:35:38+08:00]   pending kind=dlt_draw_result x1 due=2026-09-26 — 第 26110 期未开奖
[2026-09-13T01:35:38+08:00]   pending kind=dlt_draw_result x1 due=2026-09-28 — 第 26111 期未开奖
[2026-09-13T01:35:38+08:00]   pending kind=dlt_draw_result x1 due=2026-09-30 — 第 26112 期未开奖
[2026-09-13T01:35:38+08:00]   pending kind=dlt_draw_result x1 due=2026-10-03 — 第 26113 期未开奖
[2026-09-13T01:35:38+08:00]   pending kind=dlt_draw_result x1 due=2026-10-05 — 第 26114 期未开奖
[2026-09-13T01:35:38+08:00]   pending kind=dlt_draw_result x1 due=2026-10-07 — 第 26115 期未开奖
[2026-09-13T01:35:38+08:00]   pending kind=dlt_draw_result x1 due=2026-10-10 — 第 26116 期未开奖
[2026-09-13T01:35:38+08:00]   pending kind=dlt_draw_result x1 due=2026-10-12 — 第 26117 期未开奖
[2026-09-13T01:35:38+08:00]   pending kind=dlt_draw_result x1 due=2026-10-14 — 第 26118 期未开奖
[2026-09-13T01:35:38+08:00]   pending kind=dlt_draw_result x1 due=2026-10-17 — 第 26119 期未开奖
[2026-09-13T01:35:38+08:00]   pending kind=dlt_draw_result x1 due=2026-10-19 — 第 26120 期未开奖
[2026-09-13T01:35:40+08:00]   [dry] would resolve kind=openmeteo_air_pm10_daily_mean x1 -> true | Open-Meteo air 2026-08-04 PM10 日均=21.8 μg/m³（阈值 <=43，n=24 小时，机检）
[2026-09-13T01:35:40+08:00]   [dry] would resolve kind=openmeteo_air_pm10_daily_mean x1 -> false | Open-Meteo air 2026-06-25 PM10 日均=39.6 μg/m³（阈值 <=38.6，n=24 小时，机检）
[2026-09-13T01:35:41+08:00]   [dry] would resolve kind=openmeteo_air_pm10_daily_mean x1 -> true | Open-Meteo air 2026-09-15 PM10 日均=28.9 μg/m³（阈值 <=46.8，n=24 小时，机检）
[2026-09-13T01:35:41+08:00]   [dry] would resolve kind=openmeteo_air_pm10_daily_mean x1 -> false | Open-Meteo air 2026-09-16 PM10 日均=31.7 μg/m³（阈值 <=29.7，n=24 小时，机检）
[2026-09-13T01:35:42+08:00]   [dry] would resolve kind=openmeteo_air_pm10_daily_mean x1 -> false | Open-Meteo air 2026-08-04 PM10 日均=16.7 μg/m³（阈值 <=14.9，n=24 小时，机检）
[2026-09-13T01:35:42+08:00]   [dry] would resolve kind=openmeteo_air_pm10_daily_mean x1 -> false | Open-Meteo air 2026-06-25 PM10 日均=14.1 μg/m³（阈值 <=11.7，n=24 小时，机检）
[2026-09-13T01:35:43+08:00]   [dry] would resolve kind=openmeteo_air_pm10_daily_mean x1 -> false | Open-Meteo air 2026-09-15 PM10 日均=13.7 μg/m³（阈值 <=9.8，n=24 小时，机检）
[2026-09-13T01:35:43+08:00]   [dry] would resolve kind=openmeteo_air_pm10_daily_mean x1 -> true | Open-Meteo air 2026-09-16 PM10 日均=6.8 μg/m³（阈值 <=12.3，n=24 小时，机检）
[2026-09-13T01:35:43+08:00]   [dry] would resolve kind=openmeteo_air_pm10_daily_mean x1 -> false | Open-Meteo air 2026-08-04 PM10 日均=13.6 μg/m³（阈值 <=9.2，n=24 小时，机检）
[2026-09-13T01:35:44+08:00]   [dry] would resolve kind=openmeteo_air_pm10_daily_mean x1 -> true | Open-Meteo air 2026-06-25 PM10 日均=15.5 μg/m³（阈值 <=15.9，n=24 小时，机检）
[2026-09-13T01:35:44+08:00]   [dry] would resolve kind=openmeteo_air_pm10_daily_mean x1 -> true | Open-Meteo air 2026-09-15 PM10 日均=8.4 μg/m³（阈值 <=13.3，n=24 小时，机检）
[2026-09-13T01:35:45+08:00]   [dry] would resolve kind=openmeteo_air_pm10_daily_mean x1 -> false | Open-Meteo air 2026-09-16 PM10 日均=27.6 μg/m³（阈值 <=11.7，n=24 小时，机检）
[2026-09-13T01:35:45+08:00]   [dry] would resolve kind=openmeteo_air_pm10_daily_mean x1 -> true | Open-Meteo air 2026-08-04 PM10 日均=44.8 μg/m³（阈值 <=200，n=24 小时，机检）
[2026-09-13T01:35:46+08:00]   [dry] would resolve kind=openmeteo_air_pm10_daily_mean x1 -> false | Open-Meteo air 2026-06-25 PM10 日均=249.5 μg/m³（阈值 <=121.6，n=24 小时，机检）
[2026-09-13T01:35:46+08:00]   [dry] would resolve kind=openmeteo_air_pm10_daily_mean x1 -> true | Open-Meteo air 2026-09-15 PM10 日均=28 μg/m³（阈值 <=252，n=24 小时，机检）
[2026-09-13T01:35:47+08:00]   [dry] would resolve kind=openmeteo_air_pm10_daily_mean x1 -> true | Open-Meteo air 2026-09-16 PM10 日均=44.7 μg/m³（阈值 <=153.3，n=24 小时，机检）
[2026-09-13T01:35:47+08:00]   [dry] would resolve kind=openmeteo_air_pm10_daily_mean x1 -> false | Open-Meteo air 2026-08-04 PM10 日均=41.9 μg/m³（阈值 <=16，n=24 小时，机检）
[2026-09-13T01:35:48+08:00]   [dry] would resolve kind=openmeteo_air_pm10_daily_mean x1 -> true | Open-Meteo air 2026-06-25 PM10 日均=10 μg/m³（阈值 <=20.5，n=24 小时，机检）
[2026-09-13T01:35:49+08:00]   [dry] would resolve kind=openmeteo_air_pm10_daily_mean x1 -> false | Open-Meteo air 2026-09-15 PM10 日均=16.7 μg/m³（阈值 <=14.1，n=24 小时，机检）
[2026-09-13T01:35:49+08:00]   [dry] would resolve kind=openmeteo_air_pm10_daily_mean x1 -> false | Open-Meteo air 2026-09-16 PM10 日均=25.5 μg/m³（阈值 <=23.6，n=24 小时，机检）
[2026-09-13T01:35:51+08:00]   fetch-fail kind=binance_daily_close x1 — fetch failed（跳过不写）
[2026-09-13T01:35:51+08:00]   fetch-fail kind=binance_daily_close x1 — fetch failed（跳过不写）
[2026-09-13T01:35:52+08:00]   pending kind=binance_daily_close x1 due=2026-09-15 — Binance 2026-09-15 无 K 线（UTC 日尚未收盘）
[2026-09-13T01:35:52+08:00]   pending kind=binance_daily_close x1 due=2026-09-21 — Binance 2026-09-21 无 K 线（UTC 日尚未收盘）
[2026-09-13T01:35:52+08:00]   [dry] would resolve kind=binance_daily_close x1 -> false | Binance ETHUSDT 2026-08-14 close=1882.2（阈值 >=3281.83，机检）
[2026-09-13T01:35:52+08:00]   [dry] would resolve kind=binance_daily_close x1 -> false | Binance ETHUSDT 2026-02-25 close=2057.48（阈值 >=3038.06，机检）
[2026-09-13T01:35:52+08:00]   pending kind=binance_daily_close x1 due=2026-09-15 — Binance 2026-09-15 无 K 线（UTC 日尚未收盘）
[2026-09-13T01:35:52+08:00]   pending kind=binance_daily_close x1 due=2026-09-21 — Binance 2026-09-21 无 K 线（UTC 日尚未收盘）
[2026-09-13T01:35:52+08:00]   [dry] would resolve kind=binance_daily_close x1 -> false | Binance SOLUSDT 2026-08-14 close=75.4（阈值 >=129.41，机检）
[2026-09-13T01:35:53+08:00]   [dry] would resolve kind=binance_daily_close x1 -> false | Binance SOLUSDT 2026-02-25 close=88.06（阈值 >=142.03，机检）
[2026-09-13T01:35:53+08:00]   pending kind=binance_daily_close x1 due=2026-09-15 — Binance 2026-09-15 无 K 线（UTC 日尚未收盘）
[2026-09-13T01:35:53+08:00]   pending kind=binance_daily_close x1 due=2026-09-21 — Binance 2026-09-21 无 K 线（UTC 日尚未收盘）
[2026-09-13T01:35:53+08:00]   fetch-fail kind=wikimedia_pageviews x1 — HTTP 400（跳过不写）
[2026-09-13T01:35:53+08:00]   fetch-fail kind=wikimedia_pageviews x1 — HTTP 400（跳过不写）
[2026-09-13T01:35:53+08:00]   fetch-fail kind=wikimedia_pageviews x1 — HTTP 400（跳过不写）
[2026-09-13T01:35:54+08:00]   fetch-fail kind=wikimedia_pageviews x1 — HTTP 400（跳过不写）
[2026-09-13T01:35:54+08:00]   fetch-fail kind=wikimedia_pageviews x1 — HTTP 400（跳过不写）
[2026-09-13T01:35:54+08:00]   fetch-fail kind=wikimedia_pageviews x1 — HTTP 400（跳过不写）
[2026-09-13T01:35:54+08:00]   fetch-fail kind=wikimedia_pageviews x1 — HTTP 400（跳过不写）
[2026-09-13T01:35:54+08:00]   fetch-fail kind=wikimedia_pageviews x1 — HTTP 400（跳过不写）
[2026-09-13T01:35:54+08:00]   fetch-fail kind=wikimedia_pageviews x1 — HTTP 400（跳过不写）
[2026-09-13T01:35:55+08:00]   fetch-fail kind=wikimedia_pageviews x1 — HTTP 400（跳过不写）
[2026-09-13T01:35:55+08:00]   fetch-fail kind=wikimedia_pageviews x1 — HTTP 400（跳过不写）
[2026-09-13T01:35:55+08:00]   fetch-fail kind=wikimedia_pageviews x1 — HTTP 400（跳过不写）
[2026-09-13T01:35:55+08:00]   fetch-fail kind=wikimedia_pageviews x1 — HTTP 400（跳过不写）
[2026-09-13T01:35:55+08:00]   fetch-fail kind=wikimedia_pageviews x1 — fetch failed（跳过不写）
[2026-09-13T01:35:55+08:00]   fetch-fail kind=wikimedia_pageviews x1 — fetch failed（跳过不写）
[2026-09-13T01:35:56+08:00]   fetch-fail kind=wikimedia_pageviews x1 — HTTP 400（跳过不写）
[2026-09-13T01:35:58+08:00]   fetch-fail kind=wikimedia_pageviews x1 — HTTP 400（跳过不写）
[2026-09-13T01:35:58+08:00]   fetch-fail kind=wikimedia_pageviews x1 — HTTP 400（跳过不写）
[2026-09-13T01:35:58+08:00]   fetch-fail kind=wikimedia_pageviews x1 — HTTP 400（跳过不写）
[2026-09-13T01:35:59+08:00]   fetch-fail kind=wikimedia_pageviews x1 — HTTP 400（跳过不写）
[2026-09-13T01:35:59+08:00]   fetch-fail kind=wikimedia_pageviews x1 — HTTP 400（跳过不写）
[2026-09-13T01:36:00+08:00]   fetch-fail kind=wikimedia_pageviews x1 — HTTP 400（跳过不写）
[2026-09-13T01:36:00+08:00]   fetch-fail kind=wikimedia_pageviews x1 — HTTP 400（跳过不写）
[2026-09-13T01:36:00+08:00]   fetch-fail kind=wikimedia_pageviews x1 — HTTP 400（跳过不写）
[2026-09-13T01:36:01+08:00]   fetch-fail kind=wikimedia_pageviews x1 — HTTP 400（跳过不写）
[2026-09-13T01:36:02+08:00]   fetch-fail kind=github_weekly_commits x1 — HTTP 403（跳过不写）
[2026-09-13T01:36:03+08:00]   fetch-fail kind=github_weekly_commits x1 — HTTP 403（跳过不写）
[2026-09-13T01:36:03+08:00]   fetch-fail kind=github_weekly_commits x1 — HTTP 403（跳过不写）
[2026-09-13T01:36:04+08:00]   fetch-fail kind=github_weekly_commits x1 — HTTP 403（跳过不写）
[2026-09-13T01:36:04+08:00]   fetch-fail kind=github_weekly_commits x1 — HTTP 403（跳过不写）
[2026-09-13T01:36:04+08:00]   fetch-fail kind=github_weekly_commits x1 — HTTP 403（跳过不写）
[2026-09-13T01:36:05+08:00]   fetch-fail kind=github_weekly_commits x1 — HTTP 403（跳过不写）
[2026-09-13T01:36:05+08:00]   fetch-fail kind=github_weekly_commits x1 — HTTP 403（跳过不写）
[2026-09-13T01:36:05+08:00]   fetch-fail kind=github_weekly_commits x1 — HTTP 403（跳过不写）
[2026-09-13T01:36:05+08:00]   unsupported kind=frankfurter_rate_range x1 — 无对应 resolver（kind=frankfurter_rate_range，corpus-resolve 亦无）
[2026-09-13T01:36:05+08:00]   unsupported kind=frankfurter_rate_range x1 — 无对应 resolver（kind=frankfurter_rate_range，corpus-resolve 亦无）
[2026-09-13T01:36:07+08:00]   [dry] would resolve kind=frankfurter_rate x1 -> false | Frankfurter ECB USD/CNY 2026-08-14=6.7413（阈值 >=7.1264，机检）
[2026-09-13T01:36:08+08:00]   [dry] would resolve kind=frankfurter_rate x1 -> false | Frankfurter ECB USD/CNY 2026-05-15=6.8106（阈值 >=6.9646，机检）
[2026-09-13T01:36:08+08:00]   unsupported kind=frankfurter_rate_range x1 — 无对应 resolver（kind=frankfurter_rate_range，corpus-resolve 亦无）
[2026-09-13T01:36:08+08:00]   unsupported kind=frankfurter_rate_range x1 — 无对应 resolver（kind=frankfurter_rate_range，corpus-resolve 亦无）
[2026-09-13T01:36:09+08:00]   [dry] would resolve kind=frankfurter_rate x1 -> true | Frankfurter ECB USD/JPY 2026-08-14=159.01（阈值 >=153.1，机检）
[2026-09-13T01:36:10+08:00]   [dry] would resolve kind=frankfurter_rate x1 -> true | Frankfurter ECB USD/JPY 2026-05-15=158.55（阈值 >=156.36，机检）
[2026-09-13T01:36:10+08:00]   unsupported kind=frankfurter_rate_range x1 — 无对应 resolver（kind=frankfurter_rate_range，corpus-resolve 亦无）
[2026-09-13T01:36:10+08:00]   unsupported kind=frankfurter_rate_range x1 — 无对应 resolver（kind=frankfurter_rate_range，corpus-resolve 亦无）
[2026-09-13T01:36:11+08:00]   [dry] would resolve kind=frankfurter_rate x1 -> true | Frankfurter ECB USD/EUR 2026-08-14=0.86453（阈值 >=0.8627，机检）
[2026-09-13T01:36:12+08:00]   [dry] would resolve kind=frankfurter_rate x1 -> true | Frankfurter ECB USD/EUR 2026-05-15=0.85999（阈值 >=0.8554，机检）
[2026-09-13T01:36:13+08:00]   fetch-fail kind=npm_downloads_window x1 — HTTP 400（跳过不写）
[2026-09-13T01:36:15+08:00]   fetch-fail kind=npm_downloads_window x1 — HTTP 400（跳过不写）
[2026-09-13T01:36:15+08:00]   [dry] would resolve kind=npm_downloads_window x1 -> false | npm react 2026-08-08~2026-08-14 下载量=114596558（阈值 >=131023645，7 日满窗，机检）
[2026-09-13T01:36:15+08:00]   fetch-fail kind=npm_downloads_window x1 — HTTP 400（跳过不写）
[2026-09-13T01:36:16+08:00]   fetch-fail kind=npm_downloads_window x1 — HTTP 400（跳过不写）
[2026-09-13T01:36:16+08:00]   [dry] would resolve kind=npm_downloads_window x1 -> false | npm typescript 2026-08-08~2026-08-14 下载量=178971998（阈值 >=216196455，7 日满窗，机检）
[2026-09-13T01:36:17+08:00]   fetch-fail kind=npm_downloads_window x1 — HTTP 400（跳过不写）
[2026-09-13T01:36:17+08:00]   fetch-fail kind=npm_downloads_window x1 — HTTP 400（跳过不写）
[2026-09-13T01:36:17+08:00]   [dry] would resolve kind=npm_downloads_window x1 -> true | npm vite 2026-08-08~2026-08-14 下载量=142403653（阈值 >=126827024，7 日满窗，机检）
[2026-09-13T01:36:20+08:00]   [dry] would resolve kind=dbnomics_bis_monthly_mean x1 -> true | DBnomics BIS D.N.B.US 2024-05 月均值=105.228（阈值 >=87.568，n=23 日值，非数字观测已剔除，机检）
[2026-09-13T01:36:22+08:00]   [dry] would resolve kind=dbnomics_bis_monthly_mean x1 -> true | DBnomics BIS D.N.B.US 2023-06 月均值=103.068（阈值 >=95.753，n=22 日值，非数字观测已剔除，机检）
[2026-09-13T01:36:23+08:00]   pending kind=dbnomics_bis_monthly_mean x1 due=2026-11-01 — DBnomics BIS D.N.B.US 2026-10 月值未发布（最新 2025-07-08）
[2026-09-13T01:36:24+08:00]   pending kind=dbnomics_bis_monthly_mean x1 due=2026-12-01 — DBnomics BIS D.N.B.US 2026-11 月值未发布（最新 2025-07-08）
[2026-09-13T01:36:26+08:00]   [dry] would resolve kind=dbnomics_bis_monthly_mean x1 -> true | DBnomics BIS D.N.B.CN 2024-05 月均值=106.38（阈值 >=86.357，n=23 日值，非数字观测已剔除，机检）
[2026-09-13T01:36:27+08:00]   [dry] would resolve kind=dbnomics_bis_monthly_mean x1 -> true | DBnomics BIS D.N.B.CN 2023-06 月均值=103.959（阈值 >=91.231，n=22 日值，非数字观测已剔除，机检）
[2026-09-13T01:36:28+08:00]   pending kind=dbnomics_bis_monthly_mean x1 due=2026-11-01 — DBnomics BIS D.N.B.CN 2026-10 月值未发布（最新 2025-07-08）
[2026-09-13T01:36:29+08:00]   pending kind=dbnomics_bis_monthly_mean x1 due=2026-12-01 — DBnomics BIS D.N.B.CN 2026-11 月值未发布（最新 2025-07-08）
[2026-09-13T01:36:30+08:00]   [dry] would resolve kind=dbnomics_bis_monthly_mean x1 -> false | DBnomics BIS D.N.B.JP 2024-05 月均值=72.684（阈值 >=98.206，n=23 日值，非数字观测已剔除，机检）
[2026-09-13T01:36:31+08:00]   [dry] would resolve kind=dbnomics_bis_monthly_mean x1 -> false | DBnomics BIS D.N.B.JP 2023-06 月均值=78.847（阈值 >=89.461，n=22 日值，非数字观测已剔除，机检）
[2026-09-13T01:36:33+08:00]   pending kind=dbnomics_bis_monthly_mean x1 due=2026-11-01 — DBnomics BIS D.N.B.JP 2026-10 月值未发布（最新 2025-07-08）
[2026-09-13T01:36:34+08:00]   pending kind=dbnomics_bis_monthly_mean x1 due=2026-12-01 — DBnomics BIS D.N.B.JP 2026-11 月值未发布（最新 2025-07-08）
[2026-09-13T01:36:34+08:00] round#1 用时 166.9s | 未解总数=369 应解=366 真值请求=366（合并重复题 0） | resolved=0 pending=181 fail=43 refused=0 refusedPre=0 refusedRace=0 口径护栏跳过=3 unsupported=6 未到期跳过=0 无法定到期=0 wouldWrite=136 apiCalls=366
[2026-09-13T01:36:34+08:00]   unsupported 明细 {"unsupported:frankfurter_rate_range":6}
[2026-09-13T01:38:02+08:00] === corpus-resolve-daemon start | mode=once interval=60min due-only=false confirm=false（DRY-RUN，不写库）
[2026-09-13T01:38:02+08:00] 复用 corpus-resolve RESOLVERS 成功：inline-extract(7 kinds)
[2026-09-13T01:38:04+08:00] WARN cwl 日历刷新失败（沿用内置锚 2026105@2026-09-10）: HTTP 403
[2026-09-13T01:38:10+08:00] WARN dlt 日历刷新失败（沿用内置锚 26104@2026-09-12）: HTTP 567
[2026-09-13T01:38:10+08:00] 日历锚刷新：ssq 2026105@2026-09-10 | dlt 26104@2026-09-12
[2026-09-13T01:38:10+08:00] 参数安全门：跳过 3 条口径不符题（不写脏账）— cwl_ssq_red_contains 缺合法 ball（实测=null） @id732 / cwl_ssq_red_contains 缺合法 ball（实测=null） @id734 / cwl_ssq_red_contains 缺合法 ball（实测=null） @id736
[2026-09-13T01:42:45+08:00]   pending kind=openmeteo_daily_max x1 due=2026-09-14 — archive 尚无 2026-09-14（ERA5 未入库）
[2026-09-13T01:42:45+08:00]   pending kind=dbnomics_series_value x1 due=2026-10-01 — 2026-09 观测值未发布
[2026-09-13T01:42:45+08:00]   fetch-fail kind=cwl_ssq_red_contains x1 — HTTP 403（跳过不写）
[2026-09-13T01:42:45+08:00]   fetch-fail kind=cwl_ssq_blue_odd x1 — HTTP 403（跳过不写）
[2026-09-13T01:42:45+08:00]   pending kind=openmeteo_daily_max x1 due=2026-09-13 — archive 尚无 2026-09-13（ERA5 未入库）
[2026-09-13T01:42:45+08:00]   pending kind=openmeteo_daily_max x1 due=2026-09-14 — archive 尚无 2026-09-14（ERA5 未入库）
[2026-09-13T01:42:45+08:00]   pending kind=openmeteo_daily_max x1 due=2026-09-15 — archive 尚无 2026-09-15（ERA5 未入库）
[2026-09-13T01:42:45+08:00]   pending kind=openmeteo_daily_max x1 due=2026-09-16 — archive 尚无 2026-09-16（ERA5 未入库）
[2026-09-13T01:42:45+08:00]   pending kind=openmeteo_daily_max x1 due=2026-09-13 — archive 尚无 2026-09-13（ERA5 未入库）
[2026-09-13T01:42:45+08:00]   pending kind=openmeteo_daily_max x1 due=2026-09-14 — archive 尚无 2026-09-14（ERA5 未入库）
[2026-09-13T01:42:45+08:00]   pending kind=openmeteo_daily_max x1 due=2026-09-15 — archive 尚无 2026-09-15（ERA5 未入库）
[2026-09-13T01:42:45+08:00]   pending kind=openmeteo_daily_max x1 due=2026-09-16 — archive 尚无 2026-09-16（ERA5 未入库）
[2026-09-13T01:42:45+08:00]   pending kind=openmeteo_daily_max x1 due=2026-09-13 — archive 尚无 2026-09-13（ERA5 未入库）
[2026-09-13T01:42:45+08:00]   pending kind=openmeteo_daily_max x1 due=2026-09-14 — archive 尚无 2026-09-14（ERA5 未入库）
[2026-09-13T01:42:45+08:00]   pending kind=openmeteo_daily_max x1 due=2026-09-15 — archive 尚无 2026-09-15（ERA5 未入库）
[2026-09-13T01:42:45+08:00]   pending kind=openmeteo_daily_max x1 due=2026-09-16 — archive 尚无 2026-09-16（ERA5 未入库）
[2026-09-13T01:42:45+08:00]   pending kind=openmeteo_daily_max x1 due=2026-09-13 — archive 尚无 2026-09-13（ERA5 未入库）
[2026-09-13T01:42:45+08:00]   pending kind=openmeteo_daily_max x1 due=2026-09-14 — archive 尚无 2026-09-14（ERA5 未入库）
[2026-09-13T01:42:45+08:00]   pending kind=openmeteo_daily_max x1 due=2026-09-15 — archive 尚无 2026-09-15（ERA5 未入库）
[2026-09-13T01:42:45+08:00]   pending kind=openmeteo_daily_max x1 due=2026-09-16 — archive 尚无 2026-09-16（ERA5 未入库）
[2026-09-13T01:42:45+08:00]   pending kind=dbnomics_series_value x1 due=2026-11-01 — 2026-10 观测值未发布
[2026-09-13T01:42:45+08:00]   pending kind=dbnomics_series_value x1 due=2026-11-01 — 2026-10 观测值未发布
[2026-09-13T01:42:45+08:00]   [dry] would resolve kind=openmeteo_forecast_daily_max x1 due=2026-09-14 -> true | Open-Meteo forecast 2026-09-14 max=30.3C（阈值 >27，机检）
[2026-09-13T01:42:45+08:00]   [dry] would resolve kind=openmeteo_forecast_daily_max x1 due=2026-09-15 -> true | Open-Meteo forecast 2026-09-15 max=28.6C（阈值 >27，机检）
[2026-09-13T01:42:45+08:00]   [dry] would resolve kind=openmeteo_forecast_daily_max x1 due=2026-09-17 -> true | Open-Meteo forecast 2026-09-17 max=31.1C（阈值 >27，机检）
[2026-09-13T01:42:45+08:00]   [dry] would resolve kind=openmeteo_forecast_daily_max x1 due=2026-09-19 -> true | Open-Meteo forecast 2026-09-19 max=30.5C（阈值 >27，机检）
[2026-09-13T01:42:45+08:00]   [dry] would resolve kind=openmeteo_forecast_daily_max x1 due=2026-09-21 -> true | Open-Meteo forecast 2026-09-21 max=28.6C（阈值 >27，机检）
[2026-09-13T01:42:45+08:00]   [dry] would resolve kind=openmeteo_forecast_daily_max x1 due=2026-09-24 -> false | Open-Meteo forecast 2026-09-24 max=26.1C（阈值 >27，机检）
[2026-09-13T01:42:45+08:00]   [dry] would resolve kind=openmeteo_forecast_daily_max x1 due=2026-09-27 -> true | Open-Meteo forecast 2026-09-27 max=28.8C（阈值 >27，机检）
[2026-09-13T01:42:45+08:00]   [dry] would resolve kind=openmeteo_forecast_daily_max x1 due=2026-09-14 -> false | Open-Meteo forecast 2026-09-14 max=26.5C（阈值 >27，机检）
[2026-09-13T01:42:45+08:00]   [dry] would resolve kind=openmeteo_forecast_daily_max x1 due=2026-09-15 -> true | Open-Meteo forecast 2026-09-15 max=29.4C（阈值 >27，机检）
[2026-09-13T01:42:45+08:00]   [dry] would resolve kind=openmeteo_forecast_daily_max x1 due=2026-09-17 -> true | Open-Meteo forecast 2026-09-17 max=31.7C（阈值 >27，机检）
[2026-09-13T01:42:45+08:00]   [dry] would resolve kind=openmeteo_forecast_daily_max x1 due=2026-09-19 -> true | Open-Meteo forecast 2026-09-19 max=30.5C（阈值 >27，机检）
[2026-09-13T01:42:45+08:00]   [dry] would resolve kind=openmeteo_forecast_daily_max x1 due=2026-09-21 -> false | Open-Meteo forecast 2026-09-21 max=19.4C（阈值 >27，机检）
[2026-09-13T01:42:45+08:00]   [dry] would resolve kind=openmeteo_forecast_daily_max x1 due=2026-09-24 -> false | Open-Meteo forecast 2026-09-24 max=23.9C（阈值 >27，机检）
[2026-09-13T01:42:45+08:00]   [dry] would resolve kind=openmeteo_forecast_daily_max x1 due=2026-09-27 -> true | Open-Meteo forecast 2026-09-27 max=27.8C（阈值 >27，机检）
[2026-09-13T01:42:45+08:00]   [dry] would resolve kind=openmeteo_forecast_daily_max x1 due=2026-09-14 -> false | Open-Meteo forecast 2026-09-14 max=31C（阈值 >31，机检）
[2026-09-13T01:42:45+08:00]   [dry] would resolve kind=openmeteo_forecast_daily_max x1 due=2026-09-15 -> false | Open-Meteo forecast 2026-09-15 max=30.2C（阈值 >31，机检）
[2026-09-13T01:42:45+08:00]   [dry] would resolve kind=openmeteo_forecast_daily_max x1 due=2026-09-17 -> true | Open-Meteo forecast 2026-09-17 max=31.8C（阈值 >31，机检）
[2026-09-13T01:42:45+08:00]   [dry] would resolve kind=openmeteo_forecast_daily_max x1 due=2026-09-19 -> true | Open-Meteo forecast 2026-09-19 max=32.7C（阈值 >31，机检）
[2026-09-13T01:42:45+08:00]   [dry] would resolve kind=openmeteo_forecast_daily_max x1 due=2026-09-21 -> true | Open-Meteo forecast 2026-09-21 max=34.4C（阈值 >31，机检）
[2026-09-13T01:42:45+08:00]   [dry] would resolve kind=openmeteo_forecast_daily_max x1 due=2026-09-24 -> true | Open-Meteo forecast 2026-09-24 max=31.7C（阈值 >31，机检）
[2026-09-13T01:42:45+08:00]   [dry] would resolve kind=openmeteo_forecast_daily_max x1 due=2026-09-27 -> true | Open-Meteo forecast 2026-09-27 max=31.1C（阈值 >31，机检）
[2026-09-13T01:42:45+08:00]   [dry] would resolve kind=openmeteo_forecast_daily_max x1 due=2026-09-14 -> false | Open-Meteo forecast 2026-09-14 max=25.1C（阈值 >26，机检）
[2026-09-13T01:42:45+08:00]   [dry] would resolve kind=openmeteo_forecast_daily_max x1 due=2026-09-15 -> false | Open-Meteo forecast 2026-09-15 max=22.3C（阈值 >26，机检）
[2026-09-13T01:42:45+08:00]   [dry] would resolve kind=openmeteo_forecast_daily_max x1 due=2026-09-17 -> true | Open-Meteo forecast 2026-09-17 max=27.1C（阈值 >26，机检）
[2026-09-13T01:42:45+08:00]   [dry] would resolve kind=openmeteo_forecast_daily_max x1 due=2026-09-19 -> false | Open-Meteo forecast 2026-09-19 max=25.7C（阈值 >26，机检）
[2026-09-13T01:42:45+08:00]   [dry] would resolve kind=openmeteo_forecast_daily_max x1 due=2026-09-21 -> false | Open-Meteo forecast 2026-09-21 max=23.4C（阈值 >26，机检）
[2026-09-13T01:42:45+08:00]   [dry] would resolve kind=openmeteo_forecast_daily_max x1 due=2026-09-24 -> false | Open-Meteo forecast 2026-09-24 max=23.8C（阈值 >26，机检）
[2026-09-13T01:42:45+08:00]   [dry] would resolve kind=openmeteo_forecast_daily_max x1 due=2026-09-27 -> false | Open-Meteo forecast 2026-09-27 max=24.8C（阈值 >26，机检）
[2026-09-13T01:42:45+08:00]   [dry] would resolve kind=openmeteo_forecast_daily_max x1 due=2026-09-14 -> true | Open-Meteo forecast 2026-09-14 max=31.2C（阈值 >27，机检）
[2026-09-13T01:42:45+08:00]   [dry] would resolve kind=openmeteo_forecast_daily_max x1 due=2026-09-15 -> false | Open-Meteo forecast 2026-09-15 max=25.9C（阈值 >27，机检）
[2026-09-13T01:42:45+08:00]   [dry] would resolve kind=openmeteo_forecast_daily_max x1 due=2026-09-17 -> false | Open-Meteo forecast 2026-09-17 max=22.2C（阈值 >27，机检）
[2026-09-13T01:42:45+08:00]   [dry] would resolve kind=openmeteo_forecast_daily_max x1 due=2026-09-19 -> false | Open-Meteo forecast 2026-09-19 max=25.3C（阈值 >27，机检）
[2026-09-13T01:42:45+08:00]   [dry] would resolve kind=openmeteo_forecast_daily_max x1 due=2026-09-21 -> true | Open-Meteo forecast 2026-09-21 max=28.7C（阈值 >27，机检）
[2026-09-13T01:42:45+08:00]   [dry] would resolve kind=openmeteo_forecast_daily_max x1 due=2026-09-24 -> true | Open-Meteo forecast 2026-09-24 max=30.1C（阈值 >27，机检）
[2026-09-13T01:42:45+08:00]   [dry] would resolve kind=openmeteo_forecast_daily_max x1 due=2026-09-27 -> false | Open-Meteo forecast 2026-09-27 max=22.8C（阈值 >27，机检）
[2026-09-13T01:42:45+08:00]   [dry] would resolve kind=openmeteo_forecast_daily_max x1 due=2026-09-14 -> true | Open-Meteo forecast 2026-09-14 max=25.8C（阈值 >25，机检）
[2026-09-13T01:42:45+08:00]   [dry] would resolve kind=openmeteo_forecast_daily_max x1 due=2026-09-15 -> true | Open-Meteo forecast 2026-09-15 max=25.5C（阈值 >25，机检）
[2026-09-13T01:42:45+08:00]   [dry] would resolve kind=openmeteo_forecast_daily_max x1 due=2026-09-17 -> true | Open-Meteo forecast 2026-09-17 max=26.4C（阈值 >25，机检）
[2026-09-13T01:42:45+08:00]   [dry] would resolve kind=openmeteo_forecast_daily_max x1 due=2026-09-19 -> true | Open-Meteo forecast 2026-09-19 max=29C（阈值 >25，机检）
[2026-09-13T01:42:45+08:00]   [dry] would resolve kind=openmeteo_forecast_daily_max x1 due=2026-09-21 -> true | Open-Meteo forecast 2026-09-21 max=31.3C（阈值 >25，机检）
[2026-09-13T01:42:45+08:00]   [dry] would resolve kind=openmeteo_forecast_daily_max x1 due=2026-09-24 -> false | Open-Meteo forecast 2026-09-24 max=24.5C（阈值 >25，机检）
[2026-09-13T01:42:45+08:00]   [dry] would resolve kind=openmeteo_forecast_daily_max x1 due=2026-09-27 -> true | Open-Meteo forecast 2026-09-27 max=26.7C（阈值 >25，机检）
[2026-09-13T01:42:45+08:00]   [dry] would resolve kind=openmeteo_forecast_daily_max x1 due=2026-09-14 -> true | Open-Meteo forecast 2026-09-14 max=29.9C（阈值 >29，机检）
[2026-09-13T01:42:45+08:00]   [dry] would resolve kind=openmeteo_forecast_daily_max x1 due=2026-09-15 -> true | Open-Meteo forecast 2026-09-15 max=31.5C（阈值 >29，机检）
[2026-09-13T01:42:45+08:00]   [dry] would resolve kind=openmeteo_forecast_daily_max x1 due=2026-09-17 -> false | Open-Meteo forecast 2026-09-17 max=29C（阈值 >29，机检）
[2026-09-13T01:42:45+08:00]   [dry] would resolve kind=openmeteo_forecast_daily_max x1 due=2026-09-19 -> true | Open-Meteo forecast 2026-09-19 max=30C（阈值 >29，机检）
[2026-09-13T01:42:45+08:00]   [dry] would resolve kind=openmeteo_forecast_daily_max x1 due=2026-09-21 -> true | Open-Meteo forecast 2026-09-21 max=33.3C（阈值 >29，机检）
[2026-09-13T01:42:45+08:00]   [dry] would resolve kind=openmeteo_forecast_daily_max x1 due=2026-09-24 -> true | Open-Meteo forecast 2026-09-24 max=33C（阈值 >29，机检）
[2026-09-13T01:42:45+08:00]   [dry] would resolve kind=openmeteo_forecast_daily_max x1 due=2026-09-27 -> true | Open-Meteo forecast 2026-09-27 max=30.5C（阈值 >29，机检）
[2026-09-13T01:42:45+08:00]   [dry] would resolve kind=openmeteo_forecast_daily_max x1 due=2026-09-14 -> true | Open-Meteo forecast 2026-09-14 max=25.4C（阈值 >20，机检）
[2026-09-13T01:42:45+08:00]   [dry] would resolve kind=openmeteo_forecast_daily_max x1 due=2026-09-15 -> true | Open-Meteo forecast 2026-09-15 max=21C（阈值 >20，机检）
[2026-09-13T01:42:45+08:00]   [dry] would resolve kind=openmeteo_forecast_daily_max x1 due=2026-09-17 -> false | Open-Meteo forecast 2026-09-17 max=15.7C（阈值 >20，机检）
[2026-09-13T01:42:45+08:00]   [dry] would resolve kind=openmeteo_forecast_daily_max x1 due=2026-09-19 -> true | Open-Meteo forecast 2026-09-19 max=22.9C（阈值 >20，机检）
[2026-09-13T01:42:45+08:00]   [dry] would resolve kind=openmeteo_forecast_daily_max x1 due=2026-09-21 -> false | Open-Meteo forecast 2026-09-21 max=17.9C（阈值 >20，机检）
[2026-09-13T01:42:45+08:00]   [dry] would resolve kind=openmeteo_forecast_daily_max x1 due=2026-09-24 -> true | Open-Meteo forecast 2026-09-24 max=24.7C（阈值 >20，机检）
[2026-09-13T01:42:45+08:00]   [dry] would resolve kind=openmeteo_forecast_daily_max x1 due=2026-09-27 -> true | Open-Meteo forecast 2026-09-27 max=20.2C（阈值 >20，机检）
[2026-09-13T01:42:45+08:00]   [dry] would resolve kind=openmeteo_forecast_daily_max x1 due=2026-09-14 -> true | Open-Meteo forecast 2026-09-14 max=23.5C（阈值 >20，机检）
[2026-09-13T01:42:45+08:00]   [dry] would resolve kind=openmeteo_forecast_daily_max x1 due=2026-09-15 -> true | Open-Meteo forecast 2026-09-15 max=23.8C（阈值 >20，机检）
[2026-09-13T01:42:45+08:00]   [dry] would resolve kind=openmeteo_forecast_daily_max x1 due=2026-09-17 -> false | Open-Meteo forecast 2026-09-17 max=19.8C（阈值 >20，机检）
[2026-09-13T01:42:45+08:00]   [dry] would resolve kind=openmeteo_forecast_daily_max x1 due=2026-09-19 -> true | Open-Meteo forecast 2026-09-19 max=21.3C（阈值 >20，机检）
[2026-09-13T01:42:45+08:00]   [dry] would resolve kind=openmeteo_forecast_daily_max x1 due=2026-09-21 -> true | Open-Meteo forecast 2026-09-21 max=21C（阈值 >20，机检）
[2026-09-13T01:42:45+08:00]   [dry] would resolve kind=openmeteo_forecast_daily_max x1 due=2026-09-24 -> false | Open-Meteo forecast 2026-09-24 max=18.9C（阈值 >20，机检）
[2026-09-13T01:42:45+08:00]   pending kind=openmeteo_forecast_daily_max x1 due=2026-09-27 — 尚无 2026-09-27 日值
[2026-09-13T01:42:45+08:00]   [dry] would resolve kind=openmeteo_forecast_daily_max x1 due=2026-09-14 -> true | Open-Meteo forecast 2026-09-14 max=28C（阈值 >22，机检）
[2026-09-13T01:42:45+08:00]   [dry] would resolve kind=openmeteo_forecast_daily_max x1 due=2026-09-15 -> true | Open-Meteo forecast 2026-09-15 max=30.7C（阈值 >22，机检）
[2026-09-13T01:42:45+08:00]   [dry] would resolve kind=openmeteo_forecast_daily_max x1 due=2026-09-17 -> false | Open-Meteo forecast 2026-09-17 max=19.4C（阈值 >22，机检）
[2026-09-13T01:42:45+08:00]   [dry] would resolve kind=openmeteo_forecast_daily_max x1 due=2026-09-19 -> false | Open-Meteo forecast 2026-09-19 max=21.5C（阈值 >22，机检）
[2026-09-13T01:42:45+08:00]   [dry] would resolve kind=openmeteo_forecast_daily_max x1 due=2026-09-21 -> true | Open-Meteo forecast 2026-09-21 max=24.6C（阈值 >22，机检）
[2026-09-13T01:42:45+08:00]   [dry] would resolve kind=openmeteo_forecast_daily_max x1 due=2026-09-24 -> false | Open-Meteo forecast 2026-09-24 max=21.5C（阈值 >22，机检）
[2026-09-13T01:42:45+08:00]   [dry] would resolve kind=openmeteo_forecast_daily_max x1 due=2026-09-27 -> true | Open-Meteo forecast 2026-09-27 max=25.5C（阈值 >22，机检）
[2026-09-13T01:42:45+08:00]   [dry] would resolve kind=openmeteo_forecast_daily_max x1 due=2026-09-14 -> true | Open-Meteo forecast 2026-09-14 max=25.7C（阈值 >25，机检）
[2026-09-13T01:42:45+08:00]   [dry] would resolve kind=openmeteo_forecast_daily_max x1 due=2026-09-15 -> false | Open-Meteo forecast 2026-09-15 max=25C（阈值 >25，机检）
[2026-09-13T01:42:45+08:00]   [dry] would resolve kind=openmeteo_forecast_daily_max x1 due=2026-09-17 -> false | Open-Meteo forecast 2026-09-17 max=23C（阈值 >25，机检）
[2026-09-13T01:42:45+08:00]   [dry] would resolve kind=openmeteo_forecast_daily_max x1 due=2026-09-19 -> false | Open-Meteo forecast 2026-09-19 max=25C（阈值 >25，机检）
[2026-09-13T01:42:45+08:00]   [dry] would resolve kind=openmeteo_forecast_daily_max x1 due=2026-09-21 -> false | Open-Meteo forecast 2026-09-21 max=23.8C（阈值 >25，机检）
[2026-09-13T01:42:45+08:00]   [dry] would resolve kind=openmeteo_forecast_daily_max x1 due=2026-09-24 -> true | Open-Meteo forecast 2026-09-24 max=25.1C（阈值 >25，机检）
[2026-09-13T01:42:45+08:00]   [dry] would resolve kind=openmeteo_forecast_daily_max x1 due=2026-09-27 -> false | Open-Meteo forecast 2026-09-27 max=17.9C（阈值 >25，机检）
[2026-09-13T01:42:45+08:00]   [dry] would resolve kind=openmeteo_forecast_daily_max x1 due=2026-09-14 -> false | Open-Meteo forecast 2026-09-14 max=29.8C（阈值 >31，机检）
[2026-09-13T01:42:45+08:00]   [dry] would resolve kind=openmeteo_forecast_daily_max x1 due=2026-09-15 -> false | Open-Meteo forecast 2026-09-15 max=30C（阈值 >31，机检）
[2026-09-13T01:42:45+08:00]   [dry] would resolve kind=openmeteo_forecast_daily_max x1 due=2026-09-17 -> false | Open-Meteo forecast 2026-09-17 max=30C（阈值 >31，机检）
[2026-09-13T01:42:45+08:00]   [dry] would resolve kind=openmeteo_forecast_daily_max x1 due=2026-09-19 -> false | Open-Meteo forecast 2026-09-19 max=31C（阈值 >31，机检）
[2026-09-13T01:42:45+08:00]   [dry] would resolve kind=openmeteo_forecast_daily_max x1 due=2026-09-21 -> true | Open-Meteo forecast 2026-09-21 max=34.2C（阈值 >31，机检）
[2026-09-13T01:42:45+08:00]   [dry] would resolve kind=openmeteo_forecast_daily_max x1 due=2026-09-24 -> false | Open-Meteo forecast 2026-09-24 max=25.9C（阈值 >31，机检）
[2026-09-13T01:42:45+08:00]   [dry] would resolve kind=openmeteo_forecast_daily_max x1 due=2026-09-27 -> false | Open-Meteo forecast 2026-09-27 max=29.2C（阈值 >31，机检）
[2026-09-13T01:42:45+08:00]   [dry] would resolve kind=openmeteo_forecast_daily_max x1 due=2026-09-14 -> true | Open-Meteo forecast 2026-09-14 max=37.4C（阈值 >36，机检）
[2026-09-13T01:42:45+08:00]   [dry] would resolve kind=openmeteo_forecast_daily_max x1 due=2026-09-15 -> true | Open-Meteo forecast 2026-09-15 max=36.8C（阈值 >36，机检）
[2026-09-13T01:42:45+08:00]   [dry] would resolve kind=openmeteo_forecast_daily_max x1 due=2026-09-17 -> true | Open-Meteo forecast 2026-09-17 max=37.6C（阈值 >36，机检）
[2026-09-13T01:42:45+08:00]   [dry] would resolve kind=openmeteo_forecast_daily_max x1 due=2026-09-19 -> false | Open-Meteo forecast 2026-09-19 max=33C（阈值 >36，机检）
[2026-09-13T01:42:45+08:00]   [dry] would resolve kind=openmeteo_forecast_daily_max x1 due=2026-09-21 -> true | Open-Meteo forecast 2026-09-21 max=36.1C（阈值 >36，机检）
[2026-09-13T01:42:45+08:00]   [dry] would resolve kind=openmeteo_forecast_daily_max x1 due=2026-09-24 -> false | Open-Meteo forecast 2026-09-24 max=35.8C（阈值 >36，机检）
[2026-09-13T01:42:45+08:00]   [dry] would resolve kind=openmeteo_forecast_daily_max x1 due=2026-09-27 -> true | Open-Meteo forecast 2026-09-27 max=36.9C（阈值 >36，机检）
[2026-09-13T01:42:45+08:00]   [dry] would resolve kind=openmeteo_forecast_daily_max x1 due=2026-09-14 -> false | Open-Meteo forecast 2026-09-14 max=16C（阈值 >27，机检）
[2026-09-13T01:42:45+08:00]   [dry] would resolve kind=openmeteo_forecast_daily_max x1 due=2026-09-15 -> false | Open-Meteo forecast 2026-09-15 max=18.5C（阈值 >27，机检）
[2026-09-13T01:42:45+08:00]   [dry] would resolve kind=openmeteo_forecast_daily_max x1 due=2026-09-17 -> false | Open-Meteo forecast 2026-09-17 max=20.4C（阈值 >27，机检）
[2026-09-13T01:42:45+08:00]   [dry] would resolve kind=openmeteo_forecast_daily_max x1 due=2026-09-19 -> false | Open-Meteo forecast 2026-09-19 max=23.9C（阈值 >27，机检）
[2026-09-13T01:42:45+08:00]   [dry] would resolve kind=openmeteo_forecast_daily_max x1 due=2026-09-21 -> false | Open-Meteo forecast 2026-09-21 max=24.5C（阈值 >27，机检）
[2026-09-13T01:42:45+08:00]   [dry] would resolve kind=openmeteo_forecast_daily_max x1 due=2026-09-24 -> false | Open-Meteo forecast 2026-09-24 max=21.8C（阈值 >27，机检）
[2026-09-13T01:42:45+08:00]   [dry] would resolve kind=openmeteo_forecast_daily_max x1 due=2026-09-27 -> true | Open-Meteo forecast 2026-09-27 max=30.5C（阈值 >27，机检）
[2026-09-13T01:42:45+08:00]   pending kind=dbnomics_series_value x1 due=2026-11-01 — 2026-10 观测值未发布
[2026-09-13T01:42:45+08:00]   pending kind=dbnomics_series_value x1 due=2026-12-01 — 2026-11 观测值未发布
[2026-09-13T01:42:45+08:00]   pending kind=dbnomics_series_value x1 due=2026-11-01 — 2026-10 观测值未发布
[2026-09-13T01:42:46+08:00]   pending kind=dbnomics_series_value x1 due=2026-12-01 — 2026-11 观测值未发布
[2026-09-13T01:42:46+08:00]   pending kind=dbnomics_series_value x1 due=2026-11-01 — 2026-10 观测值未发布
[2026-09-13T01:42:46+08:00]   pending kind=dbnomics_series_value x1 due=2026-12-01 — 2026-11 观测值未发布
[2026-09-13T01:42:46+08:00]   pending kind=dbnomics_series_value x1 due=2026-11-01 — 2026-10 观测值未发布
[2026-09-13T01:42:46+08:00]   pending kind=dbnomics_series_value x1 due=2026-12-01 — 2026-11 观测值未发布
[2026-09-13T01:42:46+08:00]   fetch-fail kind=cwl_ssq_red_contains x1 — HTTP 403（跳过不写）
[2026-09-13T01:42:46+08:00]   fetch-fail kind=cwl_ssq_red_contains x1 — HTTP 403（跳过不写）
[2026-09-13T01:42:46+08:00]   fetch-fail kind=cwl_ssq_red_contains x1 — HTTP 403（跳过不写）
[2026-09-13T01:42:46+08:00]   pending kind=dbnomics_series_value x1 due=2026-11-01 — 2026-10 观测值未发布
[2026-09-13T01:42:46+08:00]   pending kind=dbnomics_series_value x1 due=2026-12-01 — 2026-11 观测值未发布
[2026-09-13T01:42:46+08:00]   pending kind=dbnomics_series_value x1 due=2026-11-01 — 2026-10 观测值未发布
[2026-09-13T01:42:46+08:00]   pending kind=dbnomics_series_value x1 due=2026-12-01 — 2026-11 观测值未发布
[2026-09-13T01:42:46+08:00]   pending kind=dbnomics_series_value x1 due=2026-11-01 — 2026-10 观测值未发布
[2026-09-13T01:42:46+08:00]   pending kind=dbnomics_series_value x1 due=2026-12-01 — 2026-11 观测值未发布
[2026-09-13T01:42:46+08:00]   pending kind=dbnomics_series_value x1 due=2026-11-01 — 2026-10 观测值未发布
[2026-09-13T01:42:46+08:00]   pending kind=dbnomics_series_value x1 due=2026-12-01 — 2026-11 观测值未发布
[2026-09-13T01:42:46+08:00]   pending kind=dbnomics_series_value x1 due=2026-11-01 — 2026-10 观测值未发布
[2026-09-13T01:42:46+08:00]   pending kind=dbnomics_series_value x1 due=2026-12-01 — 2026-11 观测值未发布
[2026-09-13T01:42:46+08:00]   pending kind=dbnomics_series_value x1 due=2026-11-01 — 2026-10 观测值未发布
[2026-09-13T01:42:46+08:00]   pending kind=dbnomics_series_value x1 due=2026-12-01 — 2026-11 观测值未发布
[2026-09-13T01:42:46+08:00]   pending kind=dbnomics_series_value x1 due=2026-11-01 — 2026-10 观测值未发布
[2026-09-13T01:42:46+08:00]   pending kind=dbnomics_series_value x1 due=2026-12-01 — 2026-11 观测值未发布
[2026-09-13T01:42:46+08:00]   pending kind=dbnomics_series_value x1 due=2026-11-01 — 2026-10 观测值未发布
[2026-09-13T01:42:46+08:00]   pending kind=dbnomics_series_value x1 due=2026-12-01 — 2026-11 观测值未发布
[2026-09-13T01:42:46+08:00]   pending kind=dbnomics_series_value x1 due=2026-11-01 — 2026-10 观测值未发布
[2026-09-13T01:42:46+08:00]   pending kind=dbnomics_series_value x1 due=2026-12-01 — 2026-11 观测值未发布
[2026-09-13T01:42:46+08:00]   pending kind=dbnomics_series_value x1 due=2026-11-01 — 2026-10 观测值未发布
[2026-09-13T01:42:46+08:00]   pending kind=dbnomics_series_value x1 due=2026-12-01 — 2026-11 观测值未发布
[2026-09-13T01:42:46+08:00]   pending kind=dbnomics_series_value x1 due=2026-11-01 — 2026-10 观测值未发布
[2026-09-13T01:42:46+08:00]   pending kind=dbnomics_series_value x1 due=2026-12-01 — 2026-11 观测值未发布
[2026-09-13T01:42:46+08:00]   pending kind=dbnomics_series_value x1 due=2026-11-01 — 2026-10 观测值未发布
[2026-09-13T01:42:46+08:00]   pending kind=dbnomics_series_value x1 due=2026-12-01 — 2026-11 观测值未发布
[2026-09-13T01:42:46+08:00]   pending kind=dbnomics_series_value x1 due=2026-11-01 — 2026-10 观测值未发布
[2026-09-13T01:42:46+08:00]   pending kind=dbnomics_series_value x1 due=2026-12-01 — 2026-11 观测值未发布
[2026-09-13T01:42:46+08:00]   pending kind=dbnomics_series_value x1 due=2026-11-01 — 2026-10 观测值未发布
[2026-09-13T01:42:46+08:00]   pending kind=dbnomics_series_value x1 due=2026-12-01 — 2026-11 观测值未发布
[2026-09-13T01:42:46+08:00]   pending kind=dbnomics_series_value x1 due=2026-11-01 — 2026-10 观测值未发布
[2026-09-13T01:42:46+08:00]   pending kind=dbnomics_series_value x1 due=2026-12-01 — 2026-11 观测值未发布
[2026-09-13T01:42:46+08:00]   pending kind=dbnomics_series_value x1 due=2026-11-01 — 2026-10 观测值未发布
[2026-09-13T01:42:46+08:00]   pending kind=dbnomics_series_value x1 due=2026-12-01 — 2026-11 观测值未发布
[2026-09-13T01:42:46+08:00]   pending kind=dbnomics_series_value x1 due=2026-11-01 — 2026-10 观测值未发布
[2026-09-13T01:42:46+08:00]   pending kind=dbnomics_series_value x1 due=2026-12-01 — 2026-11 观测值未发布
[2026-09-13T01:42:46+08:00]   pending kind=dbnomics_series_value x1 due=2026-11-01 — 2026-10 观测值未发布
[2026-09-13T01:42:46+08:00]   pending kind=dbnomics_series_value x1 due=2026-12-01 — 2026-11 观测值未发布
[2026-09-13T01:42:46+08:00]   pending kind=dbnomics_series_value x1 due=2026-11-01 — 2026-10 观测值未发布
[2026-09-13T01:42:46+08:00]   pending kind=dbnomics_series_value x1 due=2026-12-01 — 2026-11 观测值未发布
[2026-09-13T01:42:46+08:00]   pending kind=dbnomics_series_value x1 due=2026-11-01 — 2026-10 观测值未发布
[2026-09-13T01:42:46+08:00]   pending kind=dbnomics_series_value x1 due=2026-12-01 — 2026-11 观测值未发布
[2026-09-13T01:42:46+08:00]   pending kind=dbnomics_series_value x1 due=2026-11-01 — 2026-10 观测值未发布
[2026-09-13T01:42:46+08:00]   pending kind=dbnomics_series_value x1 due=2026-12-01 — 2026-11 观测值未发布
[2026-09-13T01:42:46+08:00]   pending kind=dbnomics_series_value x1 due=2026-11-01 — 2026-10 观测值未发布
[2026-09-13T01:42:46+08:00]   pending kind=dbnomics_series_value x1 due=2026-12-01 — 2026-11 观测值未发布
[2026-09-13T01:42:46+08:00]   pending kind=dbnomics_series_value x1 due=2026-11-01 — 2026-10 观测值未发布
[2026-09-13T01:42:46+08:00]   pending kind=dbnomics_series_value x1 due=2026-12-01 — 2026-11 观测值未发布
[2026-09-13T01:42:46+08:00]   pending kind=dbnomics_series_value x1 due=2026-11-01 — 2026-10 观测值未发布
[2026-09-13T01:42:46+08:00]   pending kind=dbnomics_series_value x1 due=2026-12-01 — 2026-11 观测值未发布
[2026-09-13T01:42:46+08:00]   pending kind=dbnomics_series_value x1 due=2026-11-01 — 2026-10 观测值未发布
[2026-09-13T01:42:46+08:00]   pending kind=dbnomics_series_value x1 due=2026-12-01 — 2026-11 观测值未发布
[2026-09-13T01:42:46+08:00]   pending kind=dbnomics_series_value x1 due=2026-11-01 — 2026-10 观测值未发布
[2026-09-13T01:42:46+08:00]   pending kind=dbnomics_series_value x1 due=2026-12-01 — 2026-11 观测值未发布
[2026-09-13T01:42:46+08:00]   pending kind=dbnomics_series_value x1 due=2026-11-01 — 2026-10 观测值未发布
[2026-09-13T01:42:46+08:00]   pending kind=dbnomics_series_value x1 due=2026-12-01 — 2026-11 观测值未发布
[2026-09-13T01:42:46+08:00]   pending kind=dbnomics_series_value x1 due=2026-11-01 — 2026-10 观测值未发布
[2026-09-13T01:42:46+08:00]   pending kind=dbnomics_series_value x1 due=2026-12-01 — 2026-11 观测值未发布
[2026-09-13T01:42:46+08:00]   pending kind=dbnomics_series_value x1 due=2026-11-01 — 2026-10 观测值未发布
[2026-09-13T01:42:46+08:00]   pending kind=dbnomics_series_value x1 due=2026-12-01 — 2026-11 观测值未发布
[2026-09-13T01:42:46+08:00]   pending kind=dbnomics_series_value x1 due=2026-11-01 — 2026-10 观测值未发布
[2026-09-13T01:42:46+08:00]   pending kind=dbnomics_series_value x1 due=2026-12-01 — 2026-11 观测值未发布
[2026-09-13T01:42:46+08:00]   pending kind=dbnomics_series_value x1 due=2026-11-01 — 2026-10 观测值未发布
[2026-09-13T01:42:46+08:00]   pending kind=dbnomics_series_value x1 due=2026-12-01 — 2026-11 观测值未发布
[2026-09-13T01:42:46+08:00]   pending kind=dbnomics_series_value x1 due=2026-11-01 — 2026-10 观测值未发布
[2026-09-13T01:42:46+08:00]   pending kind=dbnomics_series_value x1 due=2026-12-01 — 2026-11 观测值未发布
[2026-09-13T01:42:46+08:00]   pending kind=dbnomics_series_value x1 due=2026-11-01 — 2026-10 观测值未发布
[2026-09-13T01:42:46+08:00]   pending kind=dbnomics_series_value x1 due=2026-12-01 — 2026-11 观测值未发布
[2026-09-13T01:42:46+08:00]   pending kind=dbnomics_series_value x1 due=2026-11-01 — 2026-10 观测值未发布
[2026-09-13T01:42:46+08:00]   pending kind=dbnomics_series_value x1 due=2026-12-01 — 2026-11 观测值未发布
[2026-09-13T01:42:46+08:00]   pending kind=dbnomics_series_value x1 due=2026-11-01 — 2026-10 观测值未发布
[2026-09-13T01:42:46+08:00]   pending kind=dbnomics_series_value x1 due=2026-12-01 — 2026-11 观测值未发布
[2026-09-13T01:42:46+08:00]   pending kind=dbnomics_series_value x1 due=2026-11-01 — 2026-10 观测值未发布
[2026-09-13T01:42:46+08:00]   pending kind=dbnomics_series_value x1 due=2026-12-01 — 2026-11 观测值未发布
[2026-09-13T01:42:46+08:00]   pending kind=dbnomics_series_value x1 due=2026-11-01 — 2026-10 观测值未发布
[2026-09-13T01:42:46+08:00]   pending kind=dbnomics_series_value x1 due=2026-12-01 — 2026-11 观测值未发布
[2026-09-13T01:42:46+08:00]   pending kind=dbnomics_series_value x1 due=2026-11-01 — 2026-10 观测值未发布
[2026-09-13T01:42:46+08:00]   pending kind=dbnomics_series_value x1 due=2026-12-01 — 2026-11 观测值未发布
[2026-09-13T01:42:46+08:00]   pending kind=dbnomics_series_value x1 due=2026-11-01 — 2026-10 观测值未发布
[2026-09-13T01:42:46+08:00]   pending kind=dbnomics_series_value x1 due=2026-12-01 — 2026-11 观测值未发布
[2026-09-13T01:42:46+08:00]   pending kind=dbnomics_series_value x1 due=2026-11-01 — 2026-10 观测值未发布
[2026-09-13T01:42:46+08:00]   pending kind=dbnomics_series_value x1 due=2026-12-01 — 2026-11 观测值未发布
[2026-09-13T01:42:46+08:00]   fetch-fail kind=cwl_ssq_red_contains x1 — HTTP 403（跳过不写）
[2026-09-13T01:42:46+08:00]   fetch-fail kind=cwl_ssq_red_contains x1 — HTTP 403（跳过不写）
[2026-09-13T01:42:46+08:00]   fetch-fail kind=cwl_ssq_red_contains x1 — HTTP 403（跳过不写）
[2026-09-13T01:42:46+08:00]   fetch-fail kind=cwl_ssq_red_contains x1 — HTTP 403（跳过不写）
[2026-09-13T01:42:46+08:00]   fetch-fail kind=cwl_ssq_red_contains x1 — HTTP 403（跳过不写）
[2026-09-13T01:42:46+08:00]   fetch-fail kind=cwl_ssq_red_contains x1 — HTTP 403（跳过不写）
[2026-09-13T01:42:46+08:00]   fetch-fail kind=cwl_ssq_red_contains x1 — HTTP 403（跳过不写）
[2026-09-13T01:42:46+08:00]   fetch-fail kind=cwl_ssq_red_contains x1 — HTTP 403（跳过不写）
[2026-09-13T01:42:46+08:00]   fetch-fail kind=cwl_ssq_red_contains x1 — HTTP 403（跳过不写）
[2026-09-13T01:42:46+08:00]   fetch-fail kind=cwl_ssq_red_contains x1 — HTTP 403（跳过不写）
[2026-09-13T01:42:46+08:00]   fetch-fail kind=cwl_ssq_red_contains x1 — HTTP 403（跳过不写）
[2026-09-13T01:42:46+08:00]   fetch-fail kind=cwl_ssq_red_contains x1 — HTTP 403（跳过不写）
[2026-09-13T01:42:46+08:00]   fetch-fail kind=cwl_ssq_blue_odd x1 — HTTP 403（跳过不写）
[2026-09-13T01:42:46+08:00]   fetch-fail kind=cwl_ssq_blue_odd x1 — HTTP 403（跳过不写）
[2026-09-13T01:42:46+08:00]   fetch-fail kind=cwl_ssq_blue_odd x1 — HTTP 403（跳过不写）
[2026-09-13T01:42:46+08:00]   fetch-fail kind=cwl_ssq_blue_odd x1 — HTTP 403（跳过不写）
[2026-09-13T01:42:46+08:00]   fetch-fail kind=cwl_ssq_blue_odd x1 — HTTP 403（跳过不写）
[2026-09-13T01:42:46+08:00]   fetch-fail kind=cwl_ssq_blue_odd x1 — HTTP 403（跳过不写）
[2026-09-13T01:42:46+08:00]   fetch-fail kind=cwl_ssq_blue_odd x1 — HTTP 403（跳过不写）
[2026-09-13T01:42:46+08:00]   fetch-fail kind=cwl_ssq_blue_odd x1 — HTTP 403（跳过不写）
[2026-09-13T01:42:46+08:00]   fetch-fail kind=cwl_ssq_blue_odd x1 — HTTP 403（跳过不写）
[2026-09-13T01:42:46+08:00]   fetch-fail kind=cwl_ssq_blue_odd x1 — HTTP 403（跳过不写）
[2026-09-13T01:42:46+08:00]   fetch-fail kind=cwl_ssq_blue_odd x1 — HTTP 403（跳过不写）
[2026-09-13T01:42:46+08:00]   fetch-fail kind=cwl_ssq_blue_odd x1 — HTTP 403（跳过不写）
[2026-09-13T01:42:46+08:00]   fetch-fail kind=dlt_draw_result x1 — HTTP 567（跳过不写）
[2026-09-13T01:42:46+08:00]   fetch-fail kind=dlt_draw_result x1 — HTTP 567（跳过不写）
[2026-09-13T01:42:46+08:00]   fetch-fail kind=dlt_draw_result x1 — HTTP 567（跳过不写）
[2026-09-13T01:42:46+08:00]   fetch-fail kind=dlt_draw_result x1 — HTTP 567（跳过不写）
[2026-09-13T01:42:46+08:00]   fetch-fail kind=dlt_draw_result x1 — HTTP 567（跳过不写）
[2026-09-13T01:42:46+08:00]   fetch-fail kind=dlt_draw_result x1 — HTTP 567（跳过不写）
[2026-09-13T01:42:46+08:00]   fetch-fail kind=dlt_draw_result x1 — HTTP 567（跳过不写）
[2026-09-13T01:42:46+08:00]   fetch-fail kind=dlt_draw_result x1 — HTTP 567（跳过不写）
[2026-09-13T01:42:46+08:00]   fetch-fail kind=dlt_draw_result x1 — HTTP 567（跳过不写）
[2026-09-13T01:42:46+08:00]   fetch-fail kind=dlt_draw_result x1 — HTTP 567（跳过不写）
[2026-09-13T01:42:46+08:00]   fetch-fail kind=dlt_draw_result x1 — HTTP 567（跳过不写）
[2026-09-13T01:42:46+08:00]   fetch-fail kind=dlt_draw_result x1 — HTTP 567（跳过不写）
[2026-09-13T01:42:46+08:00]   fetch-fail kind=dlt_draw_result x1 — HTTP 567（跳过不写）
[2026-09-13T01:42:46+08:00]   fetch-fail kind=dlt_draw_result x1 — HTTP 567（跳过不写）
[2026-09-13T01:42:46+08:00]   fetch-fail kind=dlt_draw_result x1 — HTTP 567（跳过不写）
[2026-09-13T01:42:46+08:00]   fetch-fail kind=dlt_draw_result x1 — HTTP 567（跳过不写）
[2026-09-13T01:42:46+08:00]   fetch-fail kind=dlt_draw_result x1 — HTTP 567（跳过不写）
[2026-09-13T01:42:46+08:00]   fetch-fail kind=dlt_draw_result x1 — HTTP 567（跳过不写）
[2026-09-13T01:42:46+08:00]   fetch-fail kind=dlt_draw_result x1 — HTTP 567（跳过不写）
[2026-09-13T01:42:46+08:00]   fetch-fail kind=dlt_draw_result x1 — HTTP 567（跳过不写）
[2026-09-13T01:42:46+08:00]   fetch-fail kind=dlt_draw_result x1 — HTTP 567（跳过不写）
[2026-09-13T01:42:46+08:00]   fetch-fail kind=dlt_draw_result x1 — HTTP 567（跳过不写）
[2026-09-13T01:42:46+08:00]   fetch-fail kind=dlt_draw_result x1 — HTTP 567（跳过不写）
[2026-09-13T01:42:46+08:00]   fetch-fail kind=dlt_draw_result x1 — HTTP 567（跳过不写）
[2026-09-13T01:42:46+08:00]   fetch-fail kind=dlt_draw_result x1 — HTTP 567（跳过不写）
[2026-09-13T01:42:46+08:00]   fetch-fail kind=dlt_draw_result x1 — HTTP 567（跳过不写）
[2026-09-13T01:42:46+08:00]   fetch-fail kind=dlt_draw_result x1 — HTTP 567（跳过不写）
[2026-09-13T01:42:46+08:00]   fetch-fail kind=dlt_draw_result x1 — HTTP 567（跳过不写）
[2026-09-13T01:42:46+08:00]   fetch-fail kind=dlt_draw_result x1 — HTTP 567（跳过不写）
[2026-09-13T01:42:46+08:00]   fetch-fail kind=dlt_draw_result x1 — HTTP 567（跳过不写）
[2026-09-13T01:42:46+08:00]   fetch-fail kind=dlt_draw_result x1 — HTTP 567（跳过不写）
[2026-09-13T01:42:46+08:00]   fetch-fail kind=dlt_draw_result x1 — HTTP 567（跳过不写）
[2026-09-13T01:42:46+08:00]   [dry] would resolve kind=openmeteo_air_pm10_daily_mean x1 due=2026-08-04 -> true | Open-Meteo air 2026-08-04 PM10 日均=21.8 μg/m³（阈值 <=43，n=24 小时，机检）
[2026-09-13T01:42:46+08:00]   [dry] would resolve kind=openmeteo_air_pm10_daily_mean x1 due=2026-06-25 -> false | Open-Meteo air 2026-06-25 PM10 日均=39.6 μg/m³（阈值 <=38.6，n=24 小时，机检）
[2026-09-13T01:42:46+08:00]   [dry] would resolve kind=openmeteo_air_pm10_daily_mean x1 due=2026-09-15 -> true | Open-Meteo air 2026-09-15 PM10 日均=28.9 μg/m³（阈值 <=46.8，n=24 小时，机检）
[2026-09-13T01:42:46+08:00]   [dry] would resolve kind=openmeteo_air_pm10_daily_mean x1 due=2026-09-16 -> false | Open-Meteo air 2026-09-16 PM10 日均=31.7 μg/m³（阈值 <=29.7，n=24 小时，机检）
[2026-09-13T01:42:46+08:00]   [dry] would resolve kind=openmeteo_air_pm10_daily_mean x1 due=2026-08-04 -> false | Open-Meteo air 2026-08-04 PM10 日均=16.7 μg/m³（阈值 <=14.9，n=24 小时，机检）
[2026-09-13T01:42:46+08:00]   [dry] would resolve kind=openmeteo_air_pm10_daily_mean x1 due=2026-06-25 -> false | Open-Meteo air 2026-06-25 PM10 日均=14.1 μg/m³（阈值 <=11.7，n=24 小时，机检）
[2026-09-13T01:42:46+08:00]   [dry] would resolve kind=openmeteo_air_pm10_daily_mean x1 due=2026-09-15 -> false | Open-Meteo air 2026-09-15 PM10 日均=13.7 μg/m³（阈值 <=9.8，n=24 小时，机检）
[2026-09-13T01:42:46+08:00]   [dry] would resolve kind=openmeteo_air_pm10_daily_mean x1 due=2026-09-16 -> true | Open-Meteo air 2026-09-16 PM10 日均=6.8 μg/m³（阈值 <=12.3，n=24 小时，机检）
[2026-09-13T01:42:46+08:00]   [dry] would resolve kind=openmeteo_air_pm10_daily_mean x1 due=2026-08-04 -> false | Open-Meteo air 2026-08-04 PM10 日均=13.6 μg/m³（阈值 <=9.2，n=24 小时，机检）
[2026-09-13T01:42:46+08:00]   [dry] would resolve kind=openmeteo_air_pm10_daily_mean x1 due=2026-06-25 -> true | Open-Meteo air 2026-06-25 PM10 日均=15.5 μg/m³（阈值 <=15.9，n=24 小时，机检）
[2026-09-13T01:42:46+08:00]   [dry] would resolve kind=openmeteo_air_pm10_daily_mean x1 due=2026-09-15 -> true | Open-Meteo air 2026-09-15 PM10 日均=8.4 μg/m³（阈值 <=13.3，n=24 小时，机检）
[2026-09-13T01:42:46+08:00]   [dry] would resolve kind=openmeteo_air_pm10_daily_mean x1 due=2026-09-16 -> false | Open-Meteo air 2026-09-16 PM10 日均=27.6 μg/m³（阈值 <=11.7，n=24 小时，机检）
[2026-09-13T01:42:46+08:00]   [dry] would resolve kind=openmeteo_air_pm10_daily_mean x1 due=2026-08-04 -> true | Open-Meteo air 2026-08-04 PM10 日均=44.8 μg/m³（阈值 <=200，n=24 小时，机检）
[2026-09-13T01:42:46+08:00]   [dry] would resolve kind=openmeteo_air_pm10_daily_mean x1 due=2026-06-25 -> false | Open-Meteo air 2026-06-25 PM10 日均=249.5 μg/m³（阈值 <=121.6，n=24 小时，机检）
[2026-09-13T01:42:46+08:00]   [dry] would resolve kind=openmeteo_air_pm10_daily_mean x1 due=2026-09-15 -> true | Open-Meteo air 2026-09-15 PM10 日均=28 μg/m³（阈值 <=252，n=24 小时，机检）
[2026-09-13T01:42:46+08:00]   [dry] would resolve kind=openmeteo_air_pm10_daily_mean x1 due=2026-09-16 -> true | Open-Meteo air 2026-09-16 PM10 日均=44.7 μg/m³（阈值 <=153.3，n=24 小时，机检）
[2026-09-13T01:42:46+08:00]   [dry] would resolve kind=openmeteo_air_pm10_daily_mean x1 due=2026-08-04 -> false | Open-Meteo air 2026-08-04 PM10 日均=41.9 μg/m³（阈值 <=16，n=24 小时，机检）
[2026-09-13T01:42:46+08:00]   [dry] would resolve kind=openmeteo_air_pm10_daily_mean x1 due=2026-06-25 -> true | Open-Meteo air 2026-06-25 PM10 日均=10 μg/m³（阈值 <=20.5，n=24 小时，机检）
[2026-09-13T01:42:46+08:00]   [dry] would resolve kind=openmeteo_air_pm10_daily_mean x1 due=2026-09-15 -> false | Open-Meteo air 2026-09-15 PM10 日均=16.7 μg/m³（阈值 <=14.1，n=24 小时，机检）
[2026-09-13T01:42:46+08:00]   [dry] would resolve kind=openmeteo_air_pm10_daily_mean x1 due=2026-09-16 -> false | Open-Meteo air 2026-09-16 PM10 日均=25.5 μg/m³（阈值 <=23.6，n=24 小时，机检）
[2026-09-13T01:42:46+08:00]   [dry] would resolve kind=binance_daily_close x1 due=2026-08-14 -> false | Binance BTCUSDT 2026-08-14 close=63043.56（阈值 >=82615.22，机检）
[2026-09-13T01:42:46+08:00]   [dry] would resolve kind=binance_daily_close x1 due=2026-02-25 -> false | Binance BTCUSDT 2026-02-25 close=67988.04（阈值 >=95300，机检）
[2026-09-13T01:42:46+08:00]   pending kind=binance_daily_close x1 due=2026-09-15 — Binance 2026-09-15 无 K 线（UTC 日尚未收盘）
[2026-09-13T01:42:46+08:00]   pending kind=binance_daily_close x1 due=2026-09-21 — Binance 2026-09-21 无 K 线（UTC 日尚未收盘）
[2026-09-13T01:42:46+08:00]   [dry] would resolve kind=binance_daily_close x1 due=2026-08-14 -> false | Binance ETHUSDT 2026-08-14 close=1882.2（阈值 >=3281.83，机检）
[2026-09-13T01:42:46+08:00]   [dry] would resolve kind=binance_daily_close x1 due=2026-02-25 -> false | Binance ETHUSDT 2026-02-25 close=2057.48（阈值 >=3038.06，机检）
[2026-09-13T01:42:46+08:00]   pending kind=binance_daily_close x1 due=2026-09-15 — Binance 2026-09-15 无 K 线（UTC 日尚未收盘）
[2026-09-13T01:42:46+08:00]   pending kind=binance_daily_close x1 due=2026-09-21 — Binance 2026-09-21 无 K 线（UTC 日尚未收盘）
[2026-09-13T01:42:46+08:00]   [dry] would resolve kind=binance_daily_close x1 due=2026-08-14 -> false | Binance SOLUSDT 2026-08-14 close=75.4（阈值 >=129.41，机检）
[2026-09-13T01:42:46+08:00]   [dry] would resolve kind=binance_daily_close x1 due=2026-02-25 -> false | Binance SOLUSDT 2026-02-25 close=88.06（阈值 >=142.03，机检）
[2026-09-13T01:42:46+08:00]   pending kind=binance_daily_close x1 due=2026-09-15 — Binance 2026-09-15 无 K 线（UTC 日尚未收盘）
[2026-09-13T01:42:46+08:00]   pending kind=binance_daily_close x1 due=2026-09-21 — Binance 2026-09-21 无 K 线（UTC 日尚未收盘）
[2026-09-13T01:42:46+08:00]   [dry] would resolve kind=wikimedia_pageviews x1 due=2026-09-08 -> false | Wikimedia Bitcoin 2026-09-08 views=4995（阈值 >=6141，机检）
[2026-09-13T01:42:46+08:00]   [dry] would resolve kind=wikimedia_pageviews x1 due=2026-08-14 -> false | Wikimedia Bitcoin 2026-08-14 views=4531（阈值 >=5685，机检）
[2026-09-13T01:42:46+08:00]   [dry] would resolve kind=wikimedia_pageviews x1 due=2026-07-15 -> false | Wikimedia Bitcoin 2026-07-15 views=4395（阈值 >=6011，机检）
[2026-09-13T01:42:46+08:00]   fetch-fail kind=wikimedia_pageviews x1 — HTTP 404（跳过不写）
[2026-09-13T01:42:46+08:00]   fetch-fail kind=wikimedia_pageviews x1 — HTTP 404（跳过不写）
[2026-09-13T01:42:46+08:00]   [dry] would resolve kind=wikimedia_pageviews x1 due=2026-09-08 -> true | Wikimedia Artificial_intelligence 2026-09-08 views=30755（阈值 >=24105，机检）
[2026-09-13T01:42:46+08:00]   [dry] would resolve kind=wikimedia_pageviews x1 due=2026-08-14 -> true | Wikimedia Artificial_intelligence 2026-08-14 views=29538（阈值 >=22184，机检）
[2026-09-13T01:42:46+08:00]   [dry] would resolve kind=wikimedia_pageviews x1 due=2026-07-15 -> false | Wikimedia Artificial_intelligence 2026-07-15 views=21071（阈值 >=22393，机检）
[2026-09-13T01:42:46+08:00]   fetch-fail kind=wikimedia_pageviews x1 — HTTP 404（跳过不写）
[2026-09-13T01:42:46+08:00]   fetch-fail kind=wikimedia_pageviews x1 — HTTP 404（跳过不写）
[2026-09-13T01:42:46+08:00]   [dry] would resolve kind=wikimedia_pageviews x1 due=2026-09-08 -> false | Wikimedia ChatGPT 2026-09-08 views=55921（阈值 >=92415，机检）
[2026-09-13T01:42:46+08:00]   [dry] would resolve kind=wikimedia_pageviews x1 due=2026-08-14 -> false | Wikimedia ChatGPT 2026-08-14 views=47596（阈值 >=87206，机检）
[2026-09-13T01:42:46+08:00]   [dry] would resolve kind=wikimedia_pageviews x1 due=2026-07-15 -> true | Wikimedia ChatGPT 2026-07-15 views=120564（阈值 >=89070，机检）
[2026-09-13T01:42:46+08:00]   fetch-fail kind=wikimedia_pageviews x1 — HTTP 404（跳过不写）
[2026-09-13T01:42:46+08:00]   fetch-fail kind=wikimedia_pageviews x1 — HTTP 404（跳过不写）
[2026-09-13T01:42:46+08:00]   fetch-fail kind=wikimedia_pageviews x1 — HTTP 429（跳过不写）
[2026-09-13T01:42:46+08:00]   fetch-fail kind=wikimedia_pageviews x1 — HTTP 429（跳过不写）
[2026-09-13T01:42:46+08:00]   fetch-fail kind=wikimedia_pageviews x1 — HTTP 429（跳过不写）
[2026-09-13T01:42:46+08:00]   fetch-fail kind=wikimedia_pageviews x1 — HTTP 429（跳过不写）
[2026-09-13T01:42:46+08:00]   fetch-fail kind=wikimedia_pageviews x1 — HTTP 429（跳过不写）
[2026-09-13T01:42:46+08:00]   fetch-fail kind=wikimedia_pageviews x1 — HTTP 429（跳过不写）
[2026-09-13T01:42:46+08:00]   fetch-fail kind=wikimedia_pageviews x1 — HTTP 429（跳过不写）
[2026-09-13T01:42:46+08:00]   fetch-fail kind=wikimedia_pageviews x1 — HTTP 429（跳过不写）
[2026-09-13T01:42:46+08:00]   fetch-fail kind=wikimedia_pageviews x1 — HTTP 429（跳过不写）
[2026-09-13T01:42:46+08:00]   fetch-fail kind=wikimedia_pageviews x1 — HTTP 429（跳过不写）
[2026-09-13T01:42:46+08:00]   fetch-fail kind=github_weekly_commits x1 — HTTP 403（跳过不写）
[2026-09-13T01:42:46+08:00]   fetch-fail kind=github_weekly_commits x1 — HTTP 403（跳过不写）
[2026-09-13T01:42:46+08:00]   fetch-fail kind=github_weekly_commits x1 — HTTP 403（跳过不写）
[2026-09-13T01:42:46+08:00]   fetch-fail kind=github_weekly_commits x1 — HTTP 403（跳过不写）
[2026-09-13T01:42:46+08:00]   fetch-fail kind=github_weekly_commits x1 — HTTP 403（跳过不写）
[2026-09-13T01:42:46+08:00]   fetch-fail kind=github_weekly_commits x1 — HTTP 403（跳过不写）
[2026-09-13T01:42:46+08:00]   fetch-fail kind=github_weekly_commits x1 — HTTP 403（跳过不写）
[2026-09-13T01:42:46+08:00]   fetch-fail kind=github_weekly_commits x1 — HTTP 403（跳过不写）
[2026-09-13T01:42:46+08:00]   fetch-fail kind=github_weekly_commits x1 — HTTP 403（跳过不写）
[2026-09-13T01:42:46+08:00]   fetch-fail kind=frankfurter_rate_range x1 — HTTP 404（跳过不写）
[2026-09-13T01:42:46+08:00]   fetch-fail kind=frankfurter_rate_range x1 — HTTP 404（跳过不写）
[2026-09-13T01:42:46+08:00]   [dry] would resolve kind=frankfurter_rate x1 due=2026-08-14 -> false | Frankfurter ECB USD/CNY 2026-08-14=6.7413（阈值 >=7.1264，机检）
[2026-09-13T01:42:46+08:00]   [dry] would resolve kind=frankfurter_rate x1 due=2026-05-15 -> false | Frankfurter ECB USD/CNY 2026-05-15=6.8106（阈值 >=6.9646，机检）
[2026-09-13T01:42:46+08:00]   fetch-fail kind=frankfurter_rate_range x1 — HTTP 404（跳过不写）
[2026-09-13T01:42:46+08:00]   fetch-fail kind=frankfurter_rate_range x1 — HTTP 404（跳过不写）
[2026-09-13T01:42:46+08:00]   [dry] would resolve kind=frankfurter_rate x1 due=2026-08-14 -> true | Frankfurter ECB USD/JPY 2026-08-14=159.01（阈值 >=153.1，机检）
[2026-09-13T01:42:46+08:00]   [dry] would resolve kind=frankfurter_rate x1 due=2026-05-15 -> true | Frankfurter ECB USD/JPY 2026-05-15=158.55（阈值 >=156.36，机检）
[2026-09-13T01:42:46+08:00]   fetch-fail kind=frankfurter_rate_range x1 — HTTP 404（跳过不写）
[2026-09-13T01:42:46+08:00]   fetch-fail kind=frankfurter_rate_range x1 — HTTP 404（跳过不写）
[2026-09-13T01:42:46+08:00]   [dry] would resolve kind=frankfurter_rate x1 due=2026-08-14 -> true | Frankfurter ECB USD/EUR 2026-08-14=0.86453（阈值 >=0.8627，机检）
[2026-09-13T01:42:46+08:00]   [dry] would resolve kind=frankfurter_rate x1 due=2026-05-15 -> true | Frankfurter ECB USD/EUR 2026-05-15=0.85999（阈值 >=0.8554，机检）
[2026-09-13T01:42:46+08:00]   pending kind=npm_downloads_window x1 due=2026-09-23 — npm react 2026-09-16~2026-09-22 窗口含未来日（接口对未结束窗口返回 400）
[2026-09-13T01:42:46+08:00]   pending kind=npm_downloads_window x1 due=2026-09-30 — npm react 2026-09-23~2026-09-29 窗口含未来日（接口对未结束窗口返回 400）
[2026-09-13T01:42:46+08:00]   [dry] would resolve kind=npm_downloads_window x1 due=2026-08-15 -> false | npm react 2026-08-08~2026-08-14 下载量=114596558（阈值 >=131023645，7 日满窗，机检）
[2026-09-13T01:42:46+08:00]   pending kind=npm_downloads_window x1 due=2026-09-23 — npm typescript 2026-09-16~2026-09-22 窗口含未来日（接口对未结束窗口返回 400）
[2026-09-13T01:42:46+08:00]   pending kind=npm_downloads_window x1 due=2026-09-30 — npm typescript 2026-09-23~2026-09-29 窗口含未来日（接口对未结束窗口返回 400）
[2026-09-13T01:42:46+08:00]   [dry] would resolve kind=npm_downloads_window x1 due=2026-08-15 -> false | npm typescript 2026-08-08~2026-08-14 下载量=178971998（阈值 >=216196455，7 日满窗，机检）
[2026-09-13T01:42:46+08:00]   pending kind=npm_downloads_window x1 due=2026-09-23 — npm vite 2026-09-16~2026-09-22 窗口含未来日（接口对未结束窗口返回 400）
[2026-09-13T01:42:46+08:00]   pending kind=npm_downloads_window x1 due=2026-09-30 — npm vite 2026-09-23~2026-09-29 窗口含未来日（接口对未结束窗口返回 400）
[2026-09-13T01:42:46+08:00]   [dry] would resolve kind=npm_downloads_window x1 due=2026-08-15 -> true | npm vite 2026-08-08~2026-08-14 下载量=142403653（阈值 >=126827024，7 日满窗，机检）
[2026-09-13T01:42:46+08:00]   [dry] would resolve kind=dbnomics_bis_monthly_mean x1 due=2024-06-01 -> true | DBnomics BIS D.N.B.US 2024-05 月均值=105.228（阈值 >=87.568，n=23 日值，非数字观测已剔除，机检）
[2026-09-13T01:42:46+08:00]   [dry] would resolve kind=dbnomics_bis_monthly_mean x1 due=2023-07-01 -> true | DBnomics BIS D.N.B.US 2023-06 月均值=103.068（阈值 >=95.753，n=22 日值，非数字观测已剔除，机检）
[2026-09-13T01:42:46+08:00]   pending kind=dbnomics_bis_monthly_mean x1 due=2026-11-01 — DBnomics BIS D.N.B.US 2026-10 月值未发布（最新 2025-07-08）
[2026-09-13T01:42:46+08:00]   pending kind=dbnomics_bis_monthly_mean x1 due=2026-12-01 — DBnomics BIS D.N.B.US 2026-11 月值未发布（最新 2025-07-08）
[2026-09-13T01:42:46+08:00]   [dry] would resolve kind=dbnomics_bis_monthly_mean x1 due=2024-06-01 -> true | DBnomics BIS D.N.B.CN 2024-05 月均值=106.38（阈值 >=86.357，n=23 日值，非数字观测已剔除，机检）
[2026-09-13T01:42:46+08:00]   [dry] would resolve kind=dbnomics_bis_monthly_mean x1 due=2023-07-01 -> true | DBnomics BIS D.N.B.CN 2023-06 月均值=103.959（阈值 >=91.231，n=22 日值，非数字观测已剔除，机检）
[2026-09-13T01:42:46+08:00]   pending kind=dbnomics_bis_monthly_mean x1 due=2026-11-01 — DBnomics BIS D.N.B.CN 2026-10 月值未发布（最新 2025-07-08）
[2026-09-13T01:42:46+08:00]   pending kind=dbnomics_bis_monthly_mean x1 due=2026-12-01 — DBnomics BIS D.N.B.CN 2026-11 月值未发布（最新 2025-07-08）
[2026-09-13T01:42:46+08:00]   [dry] would resolve kind=dbnomics_bis_monthly_mean x1 due=2024-06-01 -> false | DBnomics BIS D.N.B.JP 2024-05 月均值=72.684（阈值 >=98.206，n=23 日值，非数字观测已剔除，机检）
[2026-09-13T01:42:46+08:00]   [dry] would resolve kind=dbnomics_bis_monthly_mean x1 due=2023-07-01 -> false | DBnomics BIS D.N.B.JP 2023-06 月均值=78.847（阈值 >=89.461，n=22 日值，非数字观测已剔除，机检）
[2026-09-13T01:42:46+08:00]   pending kind=dbnomics_bis_monthly_mean x1 due=2026-11-01 — DBnomics BIS D.N.B.JP 2026-10 月值未发布（最新 2025-07-08）
[2026-09-13T01:42:46+08:00]   pending kind=dbnomics_bis_monthly_mean x1 due=2026-12-01 — DBnomics BIS D.N.B.JP 2026-11 月值未发布（最新 2025-07-08）
[2026-09-13T01:42:46+08:00]   fetch-fail kind=frankfurter_rate_range x1 — HTTP 404（跳过不写）
[2026-09-13T01:42:46+08:00]   fetch-fail kind=frankfurter_rate_range x1 — HTTP 404（跳过不写）
[2026-09-13T01:42:46+08:00]   [dry] would resolve kind=frankfurter_rate x1 due=2026-08-14 -> false | Frankfurter ECB USD/CNY 2026-08-14=6.7413（阈值 >=6.8817，机检）
[2026-09-13T01:42:46+08:00]   [dry] would resolve kind=frankfurter_rate x1 due=2026-05-15 -> false | Frankfurter ECB USD/CNY 2026-05-15=6.8106（阈值 >=7.1143，机检）
[2026-09-13T01:42:46+08:00]   fetch-fail kind=frankfurter_rate_range x1 — HTTP 404（跳过不写）
[2026-09-13T01:42:46+08:00]   fetch-fail kind=frankfurter_rate_range x1 — HTTP 404（跳过不写）
[2026-09-13T01:42:46+08:00]   [dry] would resolve kind=frankfurter_rate x1 due=2026-08-14 -> true | Frankfurter ECB USD/JPY 2026-08-14=159.01（阈值 >=158.16，机检）
[2026-09-13T01:42:46+08:00]   [dry] would resolve kind=frankfurter_rate x1 due=2026-05-15 -> true | Frankfurter ECB USD/JPY 2026-05-15=158.55（阈值 >=147.8，机检）
[2026-09-13T01:42:46+08:00]   fetch-fail kind=frankfurter_rate_range x1 — HTTP 404（跳过不写）
[2026-09-13T01:42:46+08:00]   fetch-fail kind=frankfurter_rate_range x1 — HTTP 404（跳过不写）
[2026-09-13T01:42:46+08:00]   [dry] would resolve kind=frankfurter_rate x1 due=2026-08-14 -> true | Frankfurter ECB USD/EUR 2026-08-14=0.86453（阈值 >=0.8581，机检）
[2026-09-13T01:42:46+08:00]   [dry] would resolve kind=frankfurter_rate x1 due=2026-05-15 -> false | Frankfurter ECB USD/EUR 2026-05-15=0.85999（阈值 >=0.8635，机检）
[2026-09-13T01:42:46+08:00]   pending kind=npm_downloads_window x1 due=2026-09-23 — npm react 2026-09-16~2026-09-22 窗口含未来日（接口对未结束窗口返回 400）
[2026-09-13T01:42:46+08:00]   pending kind=npm_downloads_window x1 due=2026-09-30 — npm react 2026-09-23~2026-09-29 窗口含未来日（接口对未结束窗口返回 400）
[2026-09-13T01:42:46+08:00]   [dry] would resolve kind=npm_downloads_window x1 due=2026-08-15 -> false | npm react 2026-08-08~2026-08-14 下载量=114596558（阈值 >=134410428，7 日满窗，机检）
[2026-09-13T01:42:46+08:00]   pending kind=npm_downloads_window x1 due=2026-09-23 — npm typescript 2026-09-16~2026-09-22 窗口含未来日（接口对未结束窗口返回 400）
[2026-09-13T01:42:46+08:00]   pending kind=npm_downloads_window x1 due=2026-09-30 — npm typescript 2026-09-23~2026-09-29 窗口含未来日（接口对未结束窗口返回 400）
[2026-09-13T01:42:46+08:00]   [dry] would resolve kind=npm_downloads_window x1 due=2026-08-15 -> true | npm typescript 2026-08-08~2026-08-14 下载量=178971998（阈值 >=178428921，7 日满窗，机检）
[2026-09-13T01:42:46+08:00]   pending kind=npm_downloads_window x1 due=2026-09-23 — npm vite 2026-09-16~2026-09-22 窗口含未来日（接口对未结束窗口返回 400）
[2026-09-13T01:42:46+08:00]   pending kind=npm_downloads_window x1 due=2026-09-30 — npm vite 2026-09-23~2026-09-29 窗口含未来日（接口对未结束窗口返回 400）
[2026-09-13T01:42:46+08:00]   [dry] would resolve kind=npm_downloads_window x1 due=2026-08-15 -> true | npm vite 2026-08-08~2026-08-14 下载量=142403653（阈值 >=114072917，7 日满窗，机检）
[2026-09-13T01:42:46+08:00]   [dry] would resolve kind=dbnomics_bis_monthly_mean x1 due=2024-06-01 -> true | DBnomics BIS D.N.B.US 2024-05 月均值=105.228（阈值 >=96.27，n=23 日值，非数字观测已剔除，机检）
[2026-09-13T01:42:46+08:00]   [dry] would resolve kind=dbnomics_bis_monthly_mean x1 due=2023-07-01 -> true | DBnomics BIS D.N.B.US 2023-06 月均值=103.068（阈值 >=83.331，n=22 日值，非数字观测已剔除，机检）
[2026-09-13T01:42:46+08:00]   pending kind=dbnomics_bis_monthly_mean x1 due=2026-11-01 — DBnomics BIS D.N.B.US 2026-10 月值未发布（最新 2025-07-08）
[2026-09-13T01:42:46+08:00]   pending kind=dbnomics_bis_monthly_mean x1 due=2026-12-01 — DBnomics BIS D.N.B.US 2026-11 月值未发布（最新 2025-07-08）
[2026-09-13T01:42:46+08:00]   [dry] would resolve kind=dbnomics_bis_monthly_mean x1 due=2024-06-01 -> true | DBnomics BIS D.N.B.CN 2024-05 月均值=106.38（阈值 >=92.59，n=23 日值，非数字观测已剔除，机检）
[2026-09-13T01:42:46+08:00]   [dry] would resolve kind=dbnomics_bis_monthly_mean x1 due=2023-07-01 -> true | DBnomics BIS D.N.B.CN 2023-06 月均值=103.959（阈值 >=82.647，n=22 日值，非数字观测已剔除，机检）
[2026-09-13T01:42:46+08:00]   pending kind=dbnomics_bis_monthly_mean x1 due=2026-11-01 — DBnomics BIS D.N.B.CN 2026-10 月值未发布（最新 2025-07-08）
[2026-09-13T01:42:46+08:00]   pending kind=dbnomics_bis_monthly_mean x1 due=2026-12-01 — DBnomics BIS D.N.B.CN 2026-11 月值未发布（最新 2025-07-08）
[2026-09-13T01:42:46+08:00]   [dry] would resolve kind=dbnomics_bis_monthly_mean x1 due=2024-06-01 -> false | DBnomics BIS D.N.B.JP 2024-05 月均值=72.684（阈值 >=88.507，n=23 日值，非数字观测已剔除，机检）
[2026-09-13T01:42:46+08:00]   [dry] would resolve kind=dbnomics_bis_monthly_mean x1 due=2023-07-01 -> false | DBnomics BIS D.N.B.JP 2023-06 月均值=78.847（阈值 >=93.977，n=22 日值，非数字观测已剔除，机检）
[2026-09-13T01:42:46+08:00]   pending kind=dbnomics_bis_monthly_mean x1 due=2026-11-01 — DBnomics BIS D.N.B.JP 2026-10 月值未发布（最新 2025-07-08）
[2026-09-13T01:42:46+08:00]   pending kind=dbnomics_bis_monthly_mean x1 due=2026-12-01 — DBnomics BIS D.N.B.JP 2026-11 月值未发布（最新 2025-07-08）
[2026-09-13T01:42:46+08:00] round#1 用时 275.9s | 未解总数=402 应解=399 真值请求=399（合并重复题 0） | resolved=0 pending=139 fail=98 refused=0 refusedPre=0 refusedRace=0 口径护栏跳过=3 unsupported=0 未到期跳过=0 无法定到期=0 wouldWrite=162 apiCalls=399
[2026-09-13T01:44:44+08:00] === corpus-resolve-daemon start | mode=once interval=60min due-only=false confirm=false（DRY-RUN，不写库）
[2026-09-13T01:44:44+08:00] 复用 corpus-resolve RESOLVERS 成功：inline-extract(7 kinds)
[2026-09-13T01:44:48+08:00] WARN dlt 日历刷新失败（沿用内置锚 26104@2026-09-12）: HTTP 567
[2026-09-13T01:44:48+08:00] 日历锚刷新：ssq 2026105@2026-09-10 | dlt 26104@2026-09-12
[2026-09-13T01:44:48+08:00] 参数安全门：跳过 3 条口径不符题（不写脏账）— cwl_ssq_red_contains 缺合法 ball（实测=null） @id732 / cwl_ssq_red_contains 缺合法 ball（实测=null） @id734 / cwl_ssq_red_contains 缺合法 ball（实测=null） @id736
[2026-09-13T01:47:01+08:00]   pending kind=openmeteo_daily_max x1 due=2026-09-14 — archive 尚无 2026-09-14（ERA5 未入库）
[2026-09-13T01:47:01+08:00]   pending kind=dbnomics_series_value x1 due=2026-10-01 — 2026-09 观测值未发布
[2026-09-13T01:47:01+08:00]   pending kind=cwl_ssq_red_contains x1 due=2026-09-13 — 第 2026106 期未开奖
[2026-09-13T01:47:01+08:00]   pending kind=cwl_ssq_blue_odd x1 due=2026-09-13 — 第 2026106 期未开奖
[2026-09-13T01:47:01+08:00]   pending kind=openmeteo_daily_max x1 due=2026-09-13 — archive 尚无 2026-09-13（ERA5 未入库）
[2026-09-13T01:47:01+08:00]   pending kind=openmeteo_daily_max x1 due=2026-09-14 — archive 尚无 2026-09-14（ERA5 未入库）
[2026-09-13T01:47:01+08:00]   pending kind=openmeteo_daily_max x1 due=2026-09-15 — archive 尚无 2026-09-15（ERA5 未入库）
[2026-09-13T01:47:01+08:00]   pending kind=openmeteo_daily_max x1 due=2026-09-16 — archive 尚无 2026-09-16（ERA5 未入库）
[2026-09-13T01:47:01+08:00]   pending kind=openmeteo_daily_max x1 due=2026-09-13 — archive 尚无 2026-09-13（ERA5 未入库）
[2026-09-13T01:47:01+08:00]   pending kind=openmeteo_daily_max x1 due=2026-09-14 — archive 尚无 2026-09-14（ERA5 未入库）
[2026-09-13T01:47:01+08:00]   pending kind=openmeteo_daily_max x1 due=2026-09-15 — archive 尚无 2026-09-15（ERA5 未入库）
[2026-09-13T01:47:01+08:00]   pending kind=openmeteo_daily_max x1 due=2026-09-16 — archive 尚无 2026-09-16（ERA5 未入库）
[2026-09-13T01:47:01+08:00]   pending kind=openmeteo_daily_max x1 due=2026-09-13 — archive 尚无 2026-09-13（ERA5 未入库）
[2026-09-13T01:47:01+08:00]   pending kind=openmeteo_daily_max x1 due=2026-09-14 — archive 尚无 2026-09-14（ERA5 未入库）
[2026-09-13T01:47:01+08:00]   pending kind=openmeteo_daily_max x1 due=2026-09-15 — archive 尚无 2026-09-15（ERA5 未入库）
[2026-09-13T01:47:01+08:00]   pending kind=openmeteo_daily_max x1 due=2026-09-16 — archive 尚无 2026-09-16（ERA5 未入库）
[2026-09-13T01:47:01+08:00]   pending kind=openmeteo_daily_max x1 due=2026-09-13 — archive 尚无 2026-09-13（ERA5 未入库）
[2026-09-13T01:47:01+08:00]   pending kind=openmeteo_daily_max x1 due=2026-09-14 — archive 尚无 2026-09-14（ERA5 未入库）
[2026-09-13T01:47:01+08:00]   pending kind=openmeteo_daily_max x1 due=2026-09-15 — archive 尚无 2026-09-15（ERA5 未入库）
[2026-09-13T01:47:01+08:00]   pending kind=openmeteo_daily_max x1 due=2026-09-16 — archive 尚无 2026-09-16（ERA5 未入库）
[2026-09-13T01:47:01+08:00]   pending kind=dbnomics_series_value x1 due=2026-11-01 — 2026-10 观测值未发布
[2026-09-13T01:47:01+08:00]   pending kind=dbnomics_series_value x1 due=2026-11-01 — 2026-10 观测值未发布
[2026-09-13T01:47:01+08:00]   [dry] would resolve kind=openmeteo_forecast_daily_max x1 due=2026-09-14 -> true | Open-Meteo forecast 2026-09-14 max=30.3C（阈值 >27，机检）
[2026-09-13T01:47:01+08:00]   [dry] would resolve kind=openmeteo_forecast_daily_max x1 due=2026-09-15 -> true | Open-Meteo forecast 2026-09-15 max=28.6C（阈值 >27，机检）
[2026-09-13T01:47:01+08:00]   [dry] would resolve kind=openmeteo_forecast_daily_max x1 due=2026-09-17 -> true | Open-Meteo forecast 2026-09-17 max=31.1C（阈值 >27，机检）
[2026-09-13T01:47:01+08:00]   [dry] would resolve kind=openmeteo_forecast_daily_max x1 due=2026-09-19 -> true | Open-Meteo forecast 2026-09-19 max=30.5C（阈值 >27，机检）
[2026-09-13T01:47:01+08:00]   [dry] would resolve kind=openmeteo_forecast_daily_max x1 due=2026-09-21 -> true | Open-Meteo forecast 2026-09-21 max=28.6C（阈值 >27，机检）
[2026-09-13T01:47:01+08:00]   [dry] would resolve kind=openmeteo_forecast_daily_max x1 due=2026-09-24 -> false | Open-Meteo forecast 2026-09-24 max=26.1C（阈值 >27，机检）
[2026-09-13T01:47:01+08:00]   [dry] would resolve kind=openmeteo_forecast_daily_max x1 due=2026-09-27 -> true | Open-Meteo forecast 2026-09-27 max=27.2C（阈值 >27，机检）
[2026-09-13T01:47:01+08:00]   [dry] would resolve kind=openmeteo_forecast_daily_max x1 due=2026-09-14 -> false | Open-Meteo forecast 2026-09-14 max=26.5C（阈值 >27，机检）
[2026-09-13T01:47:01+08:00]   [dry] would resolve kind=openmeteo_forecast_daily_max x1 due=2026-09-15 -> true | Open-Meteo forecast 2026-09-15 max=29.4C（阈值 >27，机检）
[2026-09-13T01:47:01+08:00]   [dry] would resolve kind=openmeteo_forecast_daily_max x1 due=2026-09-17 -> true | Open-Meteo forecast 2026-09-17 max=31.7C（阈值 >27，机检）
[2026-09-13T01:47:01+08:00]   [dry] would resolve kind=openmeteo_forecast_daily_max x1 due=2026-09-19 -> true | Open-Meteo forecast 2026-09-19 max=30.5C（阈值 >27，机检）
[2026-09-13T01:47:01+08:00]   [dry] would resolve kind=openmeteo_forecast_daily_max x1 due=2026-09-21 -> false | Open-Meteo forecast 2026-09-21 max=19.4C（阈值 >27，机检）
[2026-09-13T01:47:01+08:00]   [dry] would resolve kind=openmeteo_forecast_daily_max x1 due=2026-09-24 -> false | Open-Meteo forecast 2026-09-24 max=23.9C（阈值 >27，机检）
[2026-09-13T01:47:01+08:00]   [dry] would resolve kind=openmeteo_forecast_daily_max x1 due=2026-09-27 -> true | Open-Meteo forecast 2026-09-27 max=30.5C（阈值 >27，机检）
[2026-09-13T01:47:01+08:00]   [dry] would resolve kind=openmeteo_forecast_daily_max x1 due=2026-09-14 -> false | Open-Meteo forecast 2026-09-14 max=31C（阈值 >31，机检）
[2026-09-13T01:47:01+08:00]   [dry] would resolve kind=openmeteo_forecast_daily_max x1 due=2026-09-15 -> false | Open-Meteo forecast 2026-09-15 max=30.2C（阈值 >31，机检）
[2026-09-13T01:47:01+08:00]   [dry] would resolve kind=openmeteo_forecast_daily_max x1 due=2026-09-17 -> true | Open-Meteo forecast 2026-09-17 max=31.8C（阈值 >31，机检）
[2026-09-13T01:47:01+08:00]   [dry] would resolve kind=openmeteo_forecast_daily_max x1 due=2026-09-19 -> true | Open-Meteo forecast 2026-09-19 max=32.7C（阈值 >31，机检）
[2026-09-13T01:47:01+08:00]   [dry] would resolve kind=openmeteo_forecast_daily_max x1 due=2026-09-21 -> true | Open-Meteo forecast 2026-09-21 max=34.4C（阈值 >31，机检）
[2026-09-13T01:47:01+08:00]   [dry] would resolve kind=openmeteo_forecast_daily_max x1 due=2026-09-24 -> true | Open-Meteo forecast 2026-09-24 max=31.7C（阈值 >31，机检）
[2026-09-13T01:47:01+08:00]   [dry] would resolve kind=openmeteo_forecast_daily_max x1 due=2026-09-27 -> false | Open-Meteo forecast 2026-09-27 max=25.6C（阈值 >31，机检）
[2026-09-13T01:47:01+08:00]   [dry] would resolve kind=openmeteo_forecast_daily_max x1 due=2026-09-14 -> false | Open-Meteo forecast 2026-09-14 max=25.1C（阈值 >26，机检）
[2026-09-13T01:47:01+08:00]   [dry] would resolve kind=openmeteo_forecast_daily_max x1 due=2026-09-15 -> false | Open-Meteo forecast 2026-09-15 max=22.3C（阈值 >26，机检）
[2026-09-13T01:47:01+08:00]   [dry] would resolve kind=openmeteo_forecast_daily_max x1 due=2026-09-17 -> true | Open-Meteo forecast 2026-09-17 max=27.1C（阈值 >26，机检）
[2026-09-13T01:47:01+08:00]   [dry] would resolve kind=openmeteo_forecast_daily_max x1 due=2026-09-19 -> false | Open-Meteo forecast 2026-09-19 max=25.7C（阈值 >26，机检）
[2026-09-13T01:47:01+08:00]   [dry] would resolve kind=openmeteo_forecast_daily_max x1 due=2026-09-21 -> false | Open-Meteo forecast 2026-09-21 max=23.4C（阈值 >26，机检）
[2026-09-13T01:47:01+08:00]   [dry] would resolve kind=openmeteo_forecast_daily_max x1 due=2026-09-24 -> false | Open-Meteo forecast 2026-09-24 max=23.8C（阈值 >26，机检）
[2026-09-13T01:47:01+08:00]   [dry] would resolve kind=openmeteo_forecast_daily_max x1 due=2026-09-27 -> false | Open-Meteo forecast 2026-09-27 max=18.2C（阈值 >26，机检）
[2026-09-13T01:47:01+08:00]   [dry] would resolve kind=openmeteo_forecast_daily_max x1 due=2026-09-14 -> true | Open-Meteo forecast 2026-09-14 max=31.2C（阈值 >27，机检）
[2026-09-13T01:47:01+08:00]   [dry] would resolve kind=openmeteo_forecast_daily_max x1 due=2026-09-15 -> false | Open-Meteo forecast 2026-09-15 max=25.9C（阈值 >27，机检）
[2026-09-13T01:47:01+08:00]   [dry] would resolve kind=openmeteo_forecast_daily_max x1 due=2026-09-17 -> false | Open-Meteo forecast 2026-09-17 max=22.2C（阈值 >27，机检）
[2026-09-13T01:47:01+08:00]   [dry] would resolve kind=openmeteo_forecast_daily_max x1 due=2026-09-19 -> false | Open-Meteo forecast 2026-09-19 max=25.3C（阈值 >27，机检）
[2026-09-13T01:47:01+08:00]   [dry] would resolve kind=openmeteo_forecast_daily_max x1 due=2026-09-21 -> true | Open-Meteo forecast 2026-09-21 max=28.7C（阈值 >27，机检）
[2026-09-13T01:47:01+08:00]   [dry] would resolve kind=openmeteo_forecast_daily_max x1 due=2026-09-24 -> true | Open-Meteo forecast 2026-09-24 max=30.1C（阈值 >27，机检）
[2026-09-13T01:47:01+08:00]   [dry] would resolve kind=openmeteo_forecast_daily_max x1 due=2026-09-27 -> false | Open-Meteo forecast 2026-09-27 max=19.6C（阈值 >27，机检）
[2026-09-13T01:47:01+08:00]   [dry] would resolve kind=openmeteo_forecast_daily_max x1 due=2026-09-14 -> true | Open-Meteo forecast 2026-09-14 max=25.8C（阈值 >25，机检）
[2026-09-13T01:47:01+08:00]   [dry] would resolve kind=openmeteo_forecast_daily_max x1 due=2026-09-15 -> true | Open-Meteo forecast 2026-09-15 max=25.5C（阈值 >25，机检）
[2026-09-13T01:47:01+08:00]   [dry] would resolve kind=openmeteo_forecast_daily_max x1 due=2026-09-17 -> true | Open-Meteo forecast 2026-09-17 max=26.4C（阈值 >25，机检）
[2026-09-13T01:47:01+08:00]   [dry] would resolve kind=openmeteo_forecast_daily_max x1 due=2026-09-19 -> true | Open-Meteo forecast 2026-09-19 max=29C（阈值 >25，机检）
[2026-09-13T01:47:01+08:00]   [dry] would resolve kind=openmeteo_forecast_daily_max x1 due=2026-09-21 -> true | Open-Meteo forecast 2026-09-21 max=31.3C（阈值 >25，机检）
[2026-09-13T01:47:01+08:00]   [dry] would resolve kind=openmeteo_forecast_daily_max x1 due=2026-09-24 -> false | Open-Meteo forecast 2026-09-24 max=24.5C（阈值 >25，机检）
[2026-09-13T01:47:01+08:00]   [dry] would resolve kind=openmeteo_forecast_daily_max x1 due=2026-09-27 -> true | Open-Meteo forecast 2026-09-27 max=28.3C（阈值 >25，机检）
[2026-09-13T01:47:01+08:00]   [dry] would resolve kind=openmeteo_forecast_daily_max x1 due=2026-09-14 -> true | Open-Meteo forecast 2026-09-14 max=29.9C（阈值 >29，机检）
[2026-09-13T01:47:01+08:00]   [dry] would resolve kind=openmeteo_forecast_daily_max x1 due=2026-09-15 -> true | Open-Meteo forecast 2026-09-15 max=31.5C（阈值 >29，机检）
[2026-09-13T01:47:01+08:00]   [dry] would resolve kind=openmeteo_forecast_daily_max x1 due=2026-09-17 -> false | Open-Meteo forecast 2026-09-17 max=29C（阈值 >29，机检）
[2026-09-13T01:47:01+08:00]   [dry] would resolve kind=openmeteo_forecast_daily_max x1 due=2026-09-19 -> true | Open-Meteo forecast 2026-09-19 max=30C（阈值 >29，机检）
[2026-09-13T01:47:01+08:00]   [dry] would resolve kind=openmeteo_forecast_daily_max x1 due=2026-09-21 -> true | Open-Meteo forecast 2026-09-21 max=33.3C（阈值 >29，机检）
[2026-09-13T01:47:01+08:00]   [dry] would resolve kind=openmeteo_forecast_daily_max x1 due=2026-09-24 -> true | Open-Meteo forecast 2026-09-24 max=33C（阈值 >29，机检）
[2026-09-13T01:47:01+08:00]   [dry] would resolve kind=openmeteo_forecast_daily_max x1 due=2026-09-27 -> true | Open-Meteo forecast 2026-09-27 max=30.6C（阈值 >29，机检）
[2026-09-13T01:47:01+08:00]   [dry] would resolve kind=openmeteo_forecast_daily_max x1 due=2026-09-14 -> true | Open-Meteo forecast 2026-09-14 max=25.4C（阈值 >20，机检）
[2026-09-13T01:47:01+08:00]   [dry] would resolve kind=openmeteo_forecast_daily_max x1 due=2026-09-15 -> true | Open-Meteo forecast 2026-09-15 max=21C（阈值 >20，机检）
[2026-09-13T01:47:01+08:00]   [dry] would resolve kind=openmeteo_forecast_daily_max x1 due=2026-09-17 -> false | Open-Meteo forecast 2026-09-17 max=15.7C（阈值 >20，机检）
[2026-09-13T01:47:01+08:00]   [dry] would resolve kind=openmeteo_forecast_daily_max x1 due=2026-09-19 -> true | Open-Meteo forecast 2026-09-19 max=22.9C（阈值 >20，机检）
[2026-09-13T01:47:01+08:00]   [dry] would resolve kind=openmeteo_forecast_daily_max x1 due=2026-09-21 -> false | Open-Meteo forecast 2026-09-21 max=17.9C（阈值 >20，机检）
[2026-09-13T01:47:01+08:00]   [dry] would resolve kind=openmeteo_forecast_daily_max x1 due=2026-09-24 -> true | Open-Meteo forecast 2026-09-24 max=24.7C（阈值 >20，机检）
[2026-09-13T01:47:01+08:00]   [dry] would resolve kind=openmeteo_forecast_daily_max x1 due=2026-09-27 -> true | Open-Meteo forecast 2026-09-27 max=28.1C（阈值 >20，机检）
[2026-09-13T01:47:01+08:00]   [dry] would resolve kind=openmeteo_forecast_daily_max x1 due=2026-09-14 -> true | Open-Meteo forecast 2026-09-14 max=23.5C（阈值 >20，机检）
[2026-09-13T01:47:01+08:00]   [dry] would resolve kind=openmeteo_forecast_daily_max x1 due=2026-09-15 -> true | Open-Meteo forecast 2026-09-15 max=23.8C（阈值 >20，机检）
[2026-09-13T01:47:01+08:00]   [dry] would resolve kind=openmeteo_forecast_daily_max x1 due=2026-09-17 -> false | Open-Meteo forecast 2026-09-17 max=19.8C（阈值 >20，机检）
[2026-09-13T01:47:01+08:00]   [dry] would resolve kind=openmeteo_forecast_daily_max x1 due=2026-09-19 -> true | Open-Meteo forecast 2026-09-19 max=21.3C（阈值 >20，机检）
[2026-09-13T01:47:01+08:00]   [dry] would resolve kind=openmeteo_forecast_daily_max x1 due=2026-09-21 -> true | Open-Meteo forecast 2026-09-21 max=21C（阈值 >20，机检）
[2026-09-13T01:47:01+08:00]   [dry] would resolve kind=openmeteo_forecast_daily_max x1 due=2026-09-24 -> false | Open-Meteo forecast 2026-09-24 max=18.9C（阈值 >20，机检）
[2026-09-13T01:47:01+08:00]   pending kind=openmeteo_forecast_daily_max x1 due=2026-09-27 — 尚无 2026-09-27 日值
[2026-09-13T01:47:01+08:00]   [dry] would resolve kind=openmeteo_forecast_daily_max x1 due=2026-09-14 -> true | Open-Meteo forecast 2026-09-14 max=28C（阈值 >22，机检）
[2026-09-13T01:47:01+08:00]   [dry] would resolve kind=openmeteo_forecast_daily_max x1 due=2026-09-15 -> true | Open-Meteo forecast 2026-09-15 max=30.7C（阈值 >22，机检）
[2026-09-13T01:47:01+08:00]   [dry] would resolve kind=openmeteo_forecast_daily_max x1 due=2026-09-17 -> false | Open-Meteo forecast 2026-09-17 max=19.4C（阈值 >22，机检）
[2026-09-13T01:47:01+08:00]   [dry] would resolve kind=openmeteo_forecast_daily_max x1 due=2026-09-19 -> false | Open-Meteo forecast 2026-09-19 max=21.5C（阈值 >22，机检）
[2026-09-13T01:47:01+08:00]   [dry] would resolve kind=openmeteo_forecast_daily_max x1 due=2026-09-21 -> true | Open-Meteo forecast 2026-09-21 max=24.6C（阈值 >22，机检）
[2026-09-13T01:47:01+08:00]   [dry] would resolve kind=openmeteo_forecast_daily_max x1 due=2026-09-24 -> false | Open-Meteo forecast 2026-09-24 max=21.5C（阈值 >22，机检）
[2026-09-13T01:47:01+08:00]   [dry] would resolve kind=openmeteo_forecast_daily_max x1 due=2026-09-27 -> true | Open-Meteo forecast 2026-09-27 max=25.5C（阈值 >22，机检）
[2026-09-13T01:47:01+08:00]   [dry] would resolve kind=openmeteo_forecast_daily_max x1 due=2026-09-14 -> true | Open-Meteo forecast 2026-09-14 max=25.7C（阈值 >25，机检）
[2026-09-13T01:47:01+08:00]   [dry] would resolve kind=openmeteo_forecast_daily_max x1 due=2026-09-15 -> false | Open-Meteo forecast 2026-09-15 max=25C（阈值 >25，机检）
[2026-09-13T01:47:01+08:00]   [dry] would resolve kind=openmeteo_forecast_daily_max x1 due=2026-09-17 -> false | Open-Meteo forecast 2026-09-17 max=23.1C（阈值 >25，机检）
[2026-09-13T01:47:01+08:00]   [dry] would resolve kind=openmeteo_forecast_daily_max x1 due=2026-09-19 -> false | Open-Meteo forecast 2026-09-19 max=23.2C（阈值 >25，机检）
[2026-09-13T01:47:01+08:00]   [dry] would resolve kind=openmeteo_forecast_daily_max x1 due=2026-09-21 -> false | Open-Meteo forecast 2026-09-21 max=22.4C（阈值 >25，机检）
[2026-09-13T01:47:01+08:00]   [dry] would resolve kind=openmeteo_forecast_daily_max x1 due=2026-09-24 -> false | Open-Meteo forecast 2026-09-24 max=19.4C（阈值 >25，机检）
[2026-09-13T01:47:01+08:00]   [dry] would resolve kind=openmeteo_forecast_daily_max x1 due=2026-09-27 -> false | Open-Meteo forecast 2026-09-27 max=21.9C（阈值 >25，机检）
[2026-09-13T01:47:01+08:00]   [dry] would resolve kind=openmeteo_forecast_daily_max x1 due=2026-09-14 -> false | Open-Meteo forecast 2026-09-14 max=29.8C（阈值 >31，机检）
[2026-09-13T01:47:01+08:00]   [dry] would resolve kind=openmeteo_forecast_daily_max x1 due=2026-09-15 -> false | Open-Meteo forecast 2026-09-15 max=29.8C（阈值 >31，机检）
[2026-09-13T01:47:01+08:00]   [dry] would resolve kind=openmeteo_forecast_daily_max x1 due=2026-09-17 -> false | Open-Meteo forecast 2026-09-17 max=29.9C（阈值 >31，机检）
[2026-09-13T01:47:01+08:00]   [dry] would resolve kind=openmeteo_forecast_daily_max x1 due=2026-09-19 -> false | Open-Meteo forecast 2026-09-19 max=30.4C（阈值 >31，机检）
[2026-09-13T01:47:01+08:00]   [dry] would resolve kind=openmeteo_forecast_daily_max x1 due=2026-09-21 -> true | Open-Meteo forecast 2026-09-21 max=35C（阈值 >31，机检）
[2026-09-13T01:47:01+08:00]   [dry] would resolve kind=openmeteo_forecast_daily_max x1 due=2026-09-24 -> false | Open-Meteo forecast 2026-09-24 max=28.3C（阈值 >31，机检）
[2026-09-13T01:47:01+08:00]   [dry] would resolve kind=openmeteo_forecast_daily_max x1 due=2026-09-27 -> false | Open-Meteo forecast 2026-09-27 max=28.2C（阈值 >31，机检）
[2026-09-13T01:47:01+08:00]   [dry] would resolve kind=openmeteo_forecast_daily_max x1 due=2026-09-14 -> true | Open-Meteo forecast 2026-09-14 max=37.4C（阈值 >36，机检）
[2026-09-13T01:47:01+08:00]   [dry] would resolve kind=openmeteo_forecast_daily_max x1 due=2026-09-15 -> true | Open-Meteo forecast 2026-09-15 max=36.8C（阈值 >36，机检）
[2026-09-13T01:47:01+08:00]   [dry] would resolve kind=openmeteo_forecast_daily_max x1 due=2026-09-17 -> true | Open-Meteo forecast 2026-09-17 max=37.6C（阈值 >36，机检）
[2026-09-13T01:47:01+08:00]   [dry] would resolve kind=openmeteo_forecast_daily_max x1 due=2026-09-19 -> false | Open-Meteo forecast 2026-09-19 max=33C（阈值 >36，机检）
[2026-09-13T01:47:01+08:00]   [dry] would resolve kind=openmeteo_forecast_daily_max x1 due=2026-09-21 -> true | Open-Meteo forecast 2026-09-21 max=36.1C（阈值 >36，机检）
[2026-09-13T01:47:01+08:00]   [dry] would resolve kind=openmeteo_forecast_daily_max x1 due=2026-09-24 -> false | Open-Meteo forecast 2026-09-24 max=35.8C（阈值 >36，机检）
[2026-09-13T01:47:01+08:00]   [dry] would resolve kind=openmeteo_forecast_daily_max x1 due=2026-09-27 -> false | Open-Meteo forecast 2026-09-27 max=33.6C（阈值 >36，机检）
[2026-09-13T01:47:01+08:00]   [dry] would resolve kind=openmeteo_forecast_daily_max x1 due=2026-09-14 -> false | Open-Meteo forecast 2026-09-14 max=16C（阈值 >27，机检）
[2026-09-13T01:47:01+08:00]   [dry] would resolve kind=openmeteo_forecast_daily_max x1 due=2026-09-15 -> false | Open-Meteo forecast 2026-09-15 max=18.5C（阈值 >27，机检）
[2026-09-13T01:47:01+08:00]   [dry] would resolve kind=openmeteo_forecast_daily_max x1 due=2026-09-17 -> false | Open-Meteo forecast 2026-09-17 max=20.4C（阈值 >27，机检）
[2026-09-13T01:47:01+08:00]   [dry] would resolve kind=openmeteo_forecast_daily_max x1 due=2026-09-19 -> false | Open-Meteo forecast 2026-09-19 max=23.9C（阈值 >27，机检）
[2026-09-13T01:47:01+08:00]   [dry] would resolve kind=openmeteo_forecast_daily_max x1 due=2026-09-21 -> false | Open-Meteo forecast 2026-09-21 max=24.5C（阈值 >27，机检）
[2026-09-13T01:47:01+08:00]   [dry] would resolve kind=openmeteo_forecast_daily_max x1 due=2026-09-24 -> false | Open-Meteo forecast 2026-09-24 max=21.8C（阈值 >27，机检）
[2026-09-13T01:47:01+08:00]   [dry] would resolve kind=openmeteo_forecast_daily_max x1 due=2026-09-27 -> true | Open-Meteo forecast 2026-09-27 max=28.3C（阈值 >27，机检）
[2026-09-13T01:47:01+08:00]   pending kind=dbnomics_series_value x1 due=2026-11-01 — 2026-10 观测值未发布
[2026-09-13T01:47:01+08:00]   pending kind=dbnomics_series_value x1 due=2026-12-01 — 2026-11 观测值未发布
[2026-09-13T01:47:01+08:00]   pending kind=dbnomics_series_value x1 due=2026-11-01 — 2026-10 观测值未发布
[2026-09-13T01:47:01+08:00]   pending kind=dbnomics_series_value x1 due=2026-12-01 — 2026-11 观测值未发布
[2026-09-13T01:47:01+08:00]   pending kind=dbnomics_series_value x1 due=2026-11-01 — 2026-10 观测值未发布
[2026-09-13T01:47:01+08:00]   pending kind=dbnomics_series_value x1 due=2026-12-01 — 2026-11 观测值未发布
[2026-09-13T01:47:01+08:00]   pending kind=dbnomics_series_value x1 due=2026-11-01 — 2026-10 观测值未发布
[2026-09-13T01:47:01+08:00]   pending kind=dbnomics_series_value x1 due=2026-12-01 — 2026-11 观测值未发布
[2026-09-13T01:47:01+08:00]   pending kind=cwl_ssq_red_contains x1 due=2026-09-13 — 第 2026106 期未开奖
[2026-09-13T01:47:01+08:00]   pending kind=cwl_ssq_red_contains x1 due=2026-09-15 — 第 2026107 期未开奖
[2026-09-13T01:47:01+08:00]   pending kind=cwl_ssq_red_contains x1 due=2026-09-17 — 第 2026108 期未开奖
[2026-09-13T01:47:01+08:00]   pending kind=dbnomics_series_value x1 due=2026-11-01 — 2026-10 观测值未发布
[2026-09-13T01:47:01+08:00]   pending kind=dbnomics_series_value x1 due=2026-12-01 — 2026-11 观测值未发布
[2026-09-13T01:47:01+08:00]   pending kind=dbnomics_series_value x1 due=2026-11-01 — 2026-10 观测值未发布
[2026-09-13T01:47:01+08:00]   pending kind=dbnomics_series_value x1 due=2026-12-01 — 2026-11 观测值未发布
[2026-09-13T01:47:01+08:00]   pending kind=dbnomics_series_value x1 due=2026-11-01 — 2026-10 观测值未发布
[2026-09-13T01:47:01+08:00]   pending kind=dbnomics_series_value x1 due=2026-12-01 — 2026-11 观测值未发布
[2026-09-13T01:47:01+08:00]   pending kind=dbnomics_series_value x1 due=2026-11-01 — 2026-10 观测值未发布
[2026-09-13T01:47:01+08:00]   pending kind=dbnomics_series_value x1 due=2026-12-01 — 2026-11 观测值未发布
[2026-09-13T01:47:01+08:00]   pending kind=dbnomics_series_value x1 due=2026-11-01 — 2026-10 观测值未发布
[2026-09-13T01:47:01+08:00]   pending kind=dbnomics_series_value x1 due=2026-12-01 — 2026-11 观测值未发布
[2026-09-13T01:47:01+08:00]   pending kind=dbnomics_series_value x1 due=2026-11-01 — 2026-10 观测值未发布
[2026-09-13T01:47:01+08:00]   pending kind=dbnomics_series_value x1 due=2026-12-01 — 2026-11 观测值未发布
[2026-09-13T01:47:01+08:00]   pending kind=dbnomics_series_value x1 due=2026-11-01 — 2026-10 观测值未发布
[2026-09-13T01:47:01+08:00]   pending kind=dbnomics_series_value x1 due=2026-12-01 — 2026-11 观测值未发布
[2026-09-13T01:47:01+08:00]   pending kind=dbnomics_series_value x1 due=2026-11-01 — 2026-10 观测值未发布
[2026-09-13T01:47:01+08:00]   pending kind=dbnomics_series_value x1 due=2026-12-01 — 2026-11 观测值未发布
[2026-09-13T01:47:01+08:00]   pending kind=dbnomics_series_value x1 due=2026-11-01 — 2026-10 观测值未发布
[2026-09-13T01:47:01+08:00]   pending kind=dbnomics_series_value x1 due=2026-12-01 — 2026-11 观测值未发布
[2026-09-13T01:47:01+08:00]   pending kind=dbnomics_series_value x1 due=2026-11-01 — 2026-10 观测值未发布
[2026-09-13T01:47:01+08:00]   pending kind=dbnomics_series_value x1 due=2026-12-01 — 2026-11 观测值未发布
[2026-09-13T01:47:01+08:00]   pending kind=dbnomics_series_value x1 due=2026-11-01 — 2026-10 观测值未发布
[2026-09-13T01:47:01+08:00]   pending kind=dbnomics_series_value x1 due=2026-12-01 — 2026-11 观测值未发布
[2026-09-13T01:47:01+08:00]   pending kind=dbnomics_series_value x1 due=2026-11-01 — 2026-10 观测值未发布
[2026-09-13T01:47:01+08:00]   pending kind=dbnomics_series_value x1 due=2026-12-01 — 2026-11 观测值未发布
[2026-09-13T01:47:01+08:00]   pending kind=dbnomics_series_value x1 due=2026-11-01 — 2026-10 观测值未发布
[2026-09-13T01:47:01+08:00]   pending kind=dbnomics_series_value x1 due=2026-12-01 — 2026-11 观测值未发布
[2026-09-13T01:47:01+08:00]   pending kind=dbnomics_series_value x1 due=2026-11-01 — 2026-10 观测值未发布
[2026-09-13T01:47:01+08:00]   pending kind=dbnomics_series_value x1 due=2026-12-01 — 2026-11 观测值未发布
[2026-09-13T01:47:01+08:00]   pending kind=dbnomics_series_value x1 due=2026-11-01 — 2026-10 观测值未发布
[2026-09-13T01:47:01+08:00]   pending kind=dbnomics_series_value x1 due=2026-12-01 — 2026-11 观测值未发布
[2026-09-13T01:47:01+08:00]   pending kind=dbnomics_series_value x1 due=2026-11-01 — 2026-10 观测值未发布
[2026-09-13T01:47:01+08:00]   pending kind=dbnomics_series_value x1 due=2026-12-01 — 2026-11 观测值未发布
[2026-09-13T01:47:01+08:00]   pending kind=dbnomics_series_value x1 due=2026-11-01 — 2026-10 观测值未发布
[2026-09-13T01:47:01+08:00]   pending kind=dbnomics_series_value x1 due=2026-12-01 — 2026-11 观测值未发布
[2026-09-13T01:47:01+08:00]   pending kind=dbnomics_series_value x1 due=2026-11-01 — 2026-10 观测值未发布
[2026-09-13T01:47:01+08:00]   pending kind=dbnomics_series_value x1 due=2026-12-01 — 2026-11 观测值未发布
[2026-09-13T01:47:01+08:00]   pending kind=dbnomics_series_value x1 due=2026-11-01 — 2026-10 观测值未发布
[2026-09-13T01:47:01+08:00]   pending kind=dbnomics_series_value x1 due=2026-12-01 — 2026-11 观测值未发布
[2026-09-13T01:47:01+08:00]   pending kind=dbnomics_series_value x1 due=2026-11-01 — 2026-10 观测值未发布
[2026-09-13T01:47:01+08:00]   pending kind=dbnomics_series_value x1 due=2026-12-01 — 2026-11 观测值未发布
[2026-09-13T01:47:01+08:00]   pending kind=dbnomics_series_value x1 due=2026-11-01 — 2026-10 观测值未发布
[2026-09-13T01:47:01+08:00]   pending kind=dbnomics_series_value x1 due=2026-12-01 — 2026-11 观测值未发布
[2026-09-13T01:47:01+08:00]   pending kind=dbnomics_series_value x1 due=2026-11-01 — 2026-10 观测值未发布
[2026-09-13T01:47:01+08:00]   pending kind=dbnomics_series_value x1 due=2026-12-01 — 2026-11 观测值未发布
[2026-09-13T01:47:01+08:00]   pending kind=dbnomics_series_value x1 due=2026-11-01 — 2026-10 观测值未发布
[2026-09-13T01:47:01+08:00]   pending kind=dbnomics_series_value x1 due=2026-12-01 — 2026-11 观测值未发布
[2026-09-13T01:47:01+08:00]   pending kind=dbnomics_series_value x1 due=2026-11-01 — 2026-10 观测值未发布
[2026-09-13T01:47:01+08:00]   pending kind=dbnomics_series_value x1 due=2026-12-01 — 2026-11 观测值未发布
[2026-09-13T01:47:01+08:00]   pending kind=dbnomics_series_value x1 due=2026-11-01 — 2026-10 观测值未发布
[2026-09-13T01:47:01+08:00]   pending kind=dbnomics_series_value x1 due=2026-12-01 — 2026-11 观测值未发布
[2026-09-13T01:47:01+08:00]   pending kind=dbnomics_series_value x1 due=2026-11-01 — 2026-10 观测值未发布
[2026-09-13T01:47:01+08:00]   pending kind=dbnomics_series_value x1 due=2026-12-01 — 2026-11 观测值未发布
[2026-09-13T01:47:01+08:00]   pending kind=dbnomics_series_value x1 due=2026-11-01 — 2026-10 观测值未发布
[2026-09-13T01:47:01+08:00]   pending kind=dbnomics_series_value x1 due=2026-12-01 — 2026-11 观测值未发布
[2026-09-13T01:47:01+08:00]   pending kind=dbnomics_series_value x1 due=2026-11-01 — 2026-10 观测值未发布
[2026-09-13T01:47:01+08:00]   pending kind=dbnomics_series_value x1 due=2026-12-01 — 2026-11 观测值未发布
[2026-09-13T01:47:01+08:00]   pending kind=dbnomics_series_value x1 due=2026-11-01 — 2026-10 观测值未发布
[2026-09-13T01:47:01+08:00]   pending kind=dbnomics_series_value x1 due=2026-12-01 — 2026-11 观测值未发布
[2026-09-13T01:47:01+08:00]   pending kind=dbnomics_series_value x1 due=2026-11-01 — 2026-10 观测值未发布
[2026-09-13T01:47:01+08:00]   pending kind=dbnomics_series_value x1 due=2026-12-01 — 2026-11 观测值未发布
[2026-09-13T01:47:01+08:00]   pending kind=dbnomics_series_value x1 due=2026-11-01 — 2026-10 观测值未发布
[2026-09-13T01:47:01+08:00]   pending kind=dbnomics_series_value x1 due=2026-12-01 — 2026-11 观测值未发布
[2026-09-13T01:47:01+08:00]   pending kind=dbnomics_series_value x1 due=2026-11-01 — 2026-10 观测值未发布
[2026-09-13T01:47:01+08:00]   pending kind=dbnomics_series_value x1 due=2026-12-01 — 2026-11 观测值未发布
[2026-09-13T01:47:01+08:00]   pending kind=dbnomics_series_value x1 due=2026-11-01 — 2026-10 观测值未发布
[2026-09-13T01:47:01+08:00]   pending kind=dbnomics_series_value x1 due=2026-12-01 — 2026-11 观测值未发布
[2026-09-13T01:47:01+08:00]   pending kind=dbnomics_series_value x1 due=2026-11-01 — 2026-10 观测值未发布
[2026-09-13T01:47:01+08:00]   pending kind=dbnomics_series_value x1 due=2026-12-01 — 2026-11 观测值未发布
[2026-09-13T01:47:01+08:00]   pending kind=dbnomics_series_value x1 due=2026-11-01 — 2026-10 观测值未发布
[2026-09-13T01:47:01+08:00]   pending kind=dbnomics_series_value x1 due=2026-12-01 — 2026-11 观测值未发布
[2026-09-13T01:47:01+08:00]   pending kind=dbnomics_series_value x1 due=2026-11-01 — 2026-10 观测值未发布
[2026-09-13T01:47:01+08:00]   pending kind=dbnomics_series_value x1 due=2026-12-01 — 2026-11 观测值未发布
[2026-09-13T01:47:01+08:00]   pending kind=dbnomics_series_value x1 due=2026-11-01 — 2026-10 观测值未发布
[2026-09-13T01:47:01+08:00]   pending kind=dbnomics_series_value x1 due=2026-12-01 — 2026-11 观测值未发布
[2026-09-13T01:47:01+08:00]   pending kind=dbnomics_series_value x1 due=2026-11-01 — 2026-10 观测值未发布
[2026-09-13T01:47:01+08:00]   pending kind=dbnomics_series_value x1 due=2026-12-01 — 2026-11 观测值未发布
[2026-09-13T01:47:01+08:00]   pending kind=dbnomics_series_value x1 due=2026-11-01 — 2026-10 观测值未发布
[2026-09-13T01:47:01+08:00]   pending kind=dbnomics_series_value x1 due=2026-12-01 — 2026-11 观测值未发布
[2026-09-13T01:47:01+08:00]   pending kind=dbnomics_series_value x1 due=2026-11-01 — 2026-10 观测值未发布
[2026-09-13T01:47:01+08:00]   pending kind=dbnomics_series_value x1 due=2026-12-01 — 2026-11 观测值未发布
[2026-09-13T01:47:01+08:00]   pending kind=cwl_ssq_red_contains x1 due=2026-09-13 — 第 2026106 期未开奖
[2026-09-13T01:47:01+08:00]   pending kind=cwl_ssq_red_contains x1 due=2026-09-15 — 第 2026107 期未开奖
[2026-09-13T01:47:01+08:00]   pending kind=cwl_ssq_red_contains x1 due=2026-09-17 — 第 2026108 期未开奖
[2026-09-13T01:47:01+08:00]   pending kind=cwl_ssq_red_contains x1 due=2026-09-20 — 第 2026109 期未开奖
[2026-09-13T01:47:01+08:00]   pending kind=cwl_ssq_red_contains x1 due=2026-09-22 — 第 2026110 期未开奖
[2026-09-13T01:47:01+08:00]   pending kind=cwl_ssq_red_contains x1 due=2026-09-24 — 第 2026111 期未开奖
[2026-09-13T01:47:01+08:00]   pending kind=cwl_ssq_red_contains x1 due=2026-09-27 — 第 2026112 期未开奖
[2026-09-13T01:47:01+08:00]   pending kind=cwl_ssq_red_contains x1 due=2026-09-29 — 第 2026113 期未开奖
[2026-09-13T01:47:01+08:00]   pending kind=cwl_ssq_red_contains x1 due=2026-10-01 — 第 2026114 期未开奖
[2026-09-13T01:47:01+08:00]   pending kind=cwl_ssq_red_contains x1 due=2026-10-04 — 第 2026115 期未开奖
[2026-09-13T01:47:01+08:00]   pending kind=cwl_ssq_red_contains x1 due=2026-10-06 — 第 2026116 期未开奖
[2026-09-13T01:47:01+08:00]   pending kind=cwl_ssq_red_contains x1 due=2026-10-08 — 第 2026117 期未开奖
[2026-09-13T01:47:01+08:00]   pending kind=cwl_ssq_blue_odd x1 due=2026-09-13 — 第 2026106 期未开奖
[2026-09-13T01:47:01+08:00]   pending kind=cwl_ssq_blue_odd x1 due=2026-09-15 — 第 2026107 期未开奖
[2026-09-13T01:47:01+08:00]   pending kind=cwl_ssq_blue_odd x1 due=2026-09-17 — 第 2026108 期未开奖
[2026-09-13T01:47:01+08:00]   pending kind=cwl_ssq_blue_odd x1 due=2026-09-20 — 第 2026109 期未开奖
[2026-09-13T01:47:01+08:00]   pending kind=cwl_ssq_blue_odd x1 due=2026-09-22 — 第 2026110 期未开奖
[2026-09-13T01:47:01+08:00]   pending kind=cwl_ssq_blue_odd x1 due=2026-09-24 — 第 2026111 期未开奖
[2026-09-13T01:47:01+08:00]   pending kind=cwl_ssq_blue_odd x1 due=2026-09-27 — 第 2026112 期未开奖
[2026-09-13T01:47:01+08:00]   pending kind=cwl_ssq_blue_odd x1 due=2026-09-29 — 第 2026113 期未开奖
[2026-09-13T01:47:01+08:00]   pending kind=cwl_ssq_blue_odd x1 due=2026-10-01 — 第 2026114 期未开奖
[2026-09-13T01:47:01+08:00]   pending kind=cwl_ssq_blue_odd x1 due=2026-10-04 — 第 2026115 期未开奖
[2026-09-13T01:47:01+08:00]   pending kind=cwl_ssq_blue_odd x1 due=2026-10-06 — 第 2026116 期未开奖
[2026-09-13T01:47:01+08:00]   pending kind=cwl_ssq_blue_odd x1 due=2026-10-08 — 第 2026117 期未开奖
[2026-09-13T01:47:01+08:00]   fetch-fail kind=dlt_draw_result x1 — HTTP 567（跳过不写）
[2026-09-13T01:47:01+08:00]   fetch-fail kind=dlt_draw_result x1 — HTTP 567（跳过不写）
[2026-09-13T01:47:01+08:00]   fetch-fail kind=dlt_draw_result x1 — HTTP 567（跳过不写）
[2026-09-13T01:47:01+08:00]   fetch-fail kind=dlt_draw_result x1 — HTTP 567（跳过不写）
[2026-09-13T01:47:01+08:00]   fetch-fail kind=dlt_draw_result x1 — HTTP 567（跳过不写）
[2026-09-13T01:47:01+08:00]   fetch-fail kind=dlt_draw_result x1 — HTTP 567（跳过不写）
[2026-09-13T01:47:01+08:00]   fetch-fail kind=dlt_draw_result x1 — HTTP 567（跳过不写）
[2026-09-13T01:47:01+08:00]   fetch-fail kind=dlt_draw_result x1 — HTTP 567（跳过不写）
[2026-09-13T01:47:01+08:00]   fetch-fail kind=dlt_draw_result x1 — HTTP 567（跳过不写）
[2026-09-13T01:47:01+08:00]   fetch-fail kind=dlt_draw_result x1 — HTTP 567（跳过不写）
[2026-09-13T01:47:01+08:00]   fetch-fail kind=dlt_draw_result x1 — HTTP 567（跳过不写）
[2026-09-13T01:47:01+08:00]   fetch-fail kind=dlt_draw_result x1 — HTTP 567（跳过不写）
[2026-09-13T01:47:01+08:00]   fetch-fail kind=dlt_draw_result x1 — HTTP 567（跳过不写）
[2026-09-13T01:47:01+08:00]   fetch-fail kind=dlt_draw_result x1 — HTTP 567（跳过不写）
[2026-09-13T01:47:01+08:00]   fetch-fail kind=dlt_draw_result x1 — HTTP 567（跳过不写）
[2026-09-13T01:47:01+08:00]   fetch-fail kind=dlt_draw_result x1 — HTTP 567（跳过不写）
[2026-09-13T01:47:01+08:00]   fetch-fail kind=dlt_draw_result x1 — HTTP 567（跳过不写）
[2026-09-13T01:47:01+08:00]   fetch-fail kind=dlt_draw_result x1 — HTTP 567（跳过不写）
[2026-09-13T01:47:01+08:00]   fetch-fail kind=dlt_draw_result x1 — HTTP 567（跳过不写）
[2026-09-13T01:47:01+08:00]   fetch-fail kind=dlt_draw_result x1 — HTTP 567（跳过不写）
[2026-09-13T01:47:01+08:00]   fetch-fail kind=dlt_draw_result x1 — HTTP 567（跳过不写）
[2026-09-13T01:47:01+08:00]   fetch-fail kind=dlt_draw_result x1 — HTTP 567（跳过不写）
[2026-09-13T01:47:01+08:00]   fetch-fail kind=dlt_draw_result x1 — HTTP 567（跳过不写）
[2026-09-13T01:47:01+08:00]   fetch-fail kind=dlt_draw_result x1 — HTTP 567（跳过不写）
[2026-09-13T01:47:01+08:00]   fetch-fail kind=dlt_draw_result x1 — HTTP 567（跳过不写）
[2026-09-13T01:47:01+08:00]   fetch-fail kind=dlt_draw_result x1 — HTTP 567（跳过不写）
[2026-09-13T01:47:01+08:00]   fetch-fail kind=dlt_draw_result x1 — HTTP 567（跳过不写）
[2026-09-13T01:47:01+08:00]   fetch-fail kind=dlt_draw_result x1 — HTTP 567（跳过不写）
[2026-09-13T01:47:01+08:00]   fetch-fail kind=dlt_draw_result x1 — HTTP 567（跳过不写）
[2026-09-13T01:47:01+08:00]   fetch-fail kind=dlt_draw_result x1 — HTTP 567（跳过不写）
[2026-09-13T01:47:01+08:00]   fetch-fail kind=dlt_draw_result x1 — HTTP 567（跳过不写）
[2026-09-13T01:47:01+08:00]   fetch-fail kind=dlt_draw_result x1 — HTTP 567（跳过不写）
[2026-09-13T01:47:01+08:00]   [dry] would resolve kind=openmeteo_air_pm10_daily_mean x1 due=2026-08-04 -> true | Open-Meteo air 2026-08-04 PM10 日均=21.8 μg/m³（阈值 <=32.5，n=24 小时，机检）
[2026-09-13T01:47:01+08:00]   [dry] would resolve kind=openmeteo_air_pm10_daily_mean x1 due=2026-06-25 -> true | Open-Meteo air 2026-06-25 PM10 日均=39.6 μg/m³（阈值 <=51.5，n=24 小时，机检）
[2026-09-13T01:47:01+08:00]   pending(预筛) kind=openmeteo_air_pm10_daily_mean x1 due=2026-09-15 — 空气质量 2026-09-15 小时序列未出齐（需 T+1）
[2026-09-13T01:47:01+08:00]   pending(预筛) kind=openmeteo_air_pm10_daily_mean x1 due=2026-09-16 — 空气质量 2026-09-16 小时序列未出齐（需 T+1）
[2026-09-13T01:47:01+08:00]   [dry] would resolve kind=openmeteo_air_pm10_daily_mean x1 due=2026-08-04 -> false | Open-Meteo air 2026-08-04 PM10 日均=16.7 μg/m³（阈值 <=9，n=24 小时，机检）
[2026-09-13T01:47:01+08:00]   [dry] would resolve kind=openmeteo_air_pm10_daily_mean x1 due=2026-06-25 -> true | Open-Meteo air 2026-06-25 PM10 日均=14.1 μg/m³（阈值 <=16.3，n=24 小时，机检）
[2026-09-13T01:47:01+08:00]   pending(预筛) kind=openmeteo_air_pm10_daily_mean x1 due=2026-09-15 — 空气质量 2026-09-15 小时序列未出齐（需 T+1）
[2026-09-13T01:47:01+08:00]   pending(预筛) kind=openmeteo_air_pm10_daily_mean x1 due=2026-09-16 — 空气质量 2026-09-16 小时序列未出齐（需 T+1）
[2026-09-13T01:47:01+08:00]   [dry] would resolve kind=openmeteo_air_pm10_daily_mean x1 due=2026-08-04 -> false | Open-Meteo air 2026-08-04 PM10 日均=13.6 μg/m³（阈值 <=12.6，n=24 小时，机检）
[2026-09-13T01:47:01+08:00]   [dry] would resolve kind=openmeteo_air_pm10_daily_mean x1 due=2026-06-25 -> false | Open-Meteo air 2026-06-25 PM10 日均=15.5 μg/m³（阈值 <=10.3，n=24 小时，机检）
[2026-09-13T01:47:01+08:00]   pending(预筛) kind=openmeteo_air_pm10_daily_mean x1 due=2026-09-15 — 空气质量 2026-09-15 小时序列未出齐（需 T+1）
[2026-09-13T01:47:01+08:00]   pending(预筛) kind=openmeteo_air_pm10_daily_mean x1 due=2026-09-16 — 空气质量 2026-09-16 小时序列未出齐（需 T+1）
[2026-09-13T01:47:01+08:00]   [dry] would resolve kind=openmeteo_air_pm10_daily_mean x1 due=2026-08-04 -> true | Open-Meteo air 2026-08-04 PM10 日均=44.8 μg/m³（阈值 <=114.7，n=24 小时，机检）
[2026-09-13T01:47:01+08:00]   [dry] would resolve kind=openmeteo_air_pm10_daily_mean x1 due=2026-06-25 -> false | Open-Meteo air 2026-06-25 PM10 日均=249.5 μg/m³（阈值 <=121.6，n=24 小时，机检）
[2026-09-13T01:47:01+08:00]   pending(预筛) kind=openmeteo_air_pm10_daily_mean x1 due=2026-09-15 — 空气质量 2026-09-15 小时序列未出齐（需 T+1）
[2026-09-13T01:47:01+08:00]   pending(预筛) kind=openmeteo_air_pm10_daily_mean x1 due=2026-09-16 — 空气质量 2026-09-16 小时序列未出齐（需 T+1）
[2026-09-13T01:47:01+08:00]   [dry] would resolve kind=openmeteo_air_pm10_daily_mean x1 due=2026-08-04 -> false | Open-Meteo air 2026-08-04 PM10 日均=41.9 μg/m³（阈值 <=14.1，n=24 小时，机检）
[2026-09-13T01:47:01+08:00]   [dry] would resolve kind=openmeteo_air_pm10_daily_mean x1 due=2026-06-25 -> true | Open-Meteo air 2026-06-25 PM10 日均=10 μg/m³（阈值 <=23.3，n=24 小时，机检）
[2026-09-13T01:47:01+08:00]   pending(预筛) kind=openmeteo_air_pm10_daily_mean x1 due=2026-09-15 — 空气质量 2026-09-15 小时序列未出齐（需 T+1）
[2026-09-13T01:47:01+08:00]   pending(预筛) kind=openmeteo_air_pm10_daily_mean x1 due=2026-09-16 — 空气质量 2026-09-16 小时序列未出齐（需 T+1）
[2026-09-13T01:47:01+08:00]   [dry] would resolve kind=binance_daily_close x1 due=2026-08-14 -> false | Binance BTCUSDT 2026-08-14 close=63043.56（阈值 >=96444.74，机检）
[2026-09-13T01:47:01+08:00]   [dry] would resolve kind=binance_daily_close x1 due=2026-02-25 -> false | Binance BTCUSDT 2026-02-25 close=67988.04（阈值 >=89855.99，机检）
[2026-09-13T01:47:01+08:00]   pending(预筛) kind=binance_daily_close x1 due=2026-09-15 — UTC 日 2026-09-15 尚未收盘
[2026-09-13T01:47:01+08:00]   pending(预筛) kind=binance_daily_close x1 due=2026-09-21 — UTC 日 2026-09-21 尚未收盘
[2026-09-13T01:47:01+08:00]   [dry] would resolve kind=binance_daily_close x1 due=2026-08-14 -> false | Binance ETHUSDT 2026-08-14 close=1882.2（阈值 >=2342.8，机检）
[2026-09-13T01:47:01+08:00]   [dry] would resolve kind=binance_daily_close x1 due=2026-02-25 -> false | Binance ETHUSDT 2026-02-25 close=2057.48（阈值 >=2607.41，机检）
[2026-09-13T01:47:01+08:00]   pending(预筛) kind=binance_daily_close x1 due=2026-09-15 — UTC 日 2026-09-15 尚未收盘
[2026-09-13T01:47:01+08:00]   pending(预筛) kind=binance_daily_close x1 due=2026-09-21 — UTC 日 2026-09-21 尚未收盘
[2026-09-13T01:47:01+08:00]   [dry] would resolve kind=binance_daily_close x1 due=2026-08-14 -> false | Binance SOLUSDT 2026-08-14 close=75.4（阈值 >=172.22，机检）
[2026-09-13T01:47:01+08:00]   [dry] would resolve kind=binance_daily_close x1 due=2026-02-25 -> false | Binance SOLUSDT 2026-02-25 close=88.06（阈值 >=146.88，机检）
[2026-09-13T01:47:01+08:00]   pending(预筛) kind=binance_daily_close x1 due=2026-09-15 — UTC 日 2026-09-15 尚未收盘
[2026-09-13T01:47:01+08:00]   pending(预筛) kind=binance_daily_close x1 due=2026-09-21 — UTC 日 2026-09-21 尚未收盘
[2026-09-13T01:47:01+08:00]   [dry] would resolve kind=wikimedia_pageviews x1 due=2026-09-08 -> false | Wikimedia Bitcoin 2026-09-08 views=4995（阈值 >=6981，机检）
[2026-09-13T01:47:01+08:00]   [dry] would resolve kind=wikimedia_pageviews x1 due=2026-08-14 -> false | Wikimedia Bitcoin 2026-08-14 views=4531（阈值 >=7599，机检）
[2026-09-13T01:47:01+08:00]   [dry] would resolve kind=wikimedia_pageviews x1 due=2026-07-15 -> false | Wikimedia Bitcoin 2026-07-15 views=4395（阈值 >=6779，机检）
[2026-09-13T01:47:01+08:00]   pending(预筛) kind=wikimedia_pageviews x1 due=2026-09-16 — Wikimedia 2026-09-16 数据 T+1 才发布
[2026-09-13T01:47:01+08:00]   pending(预筛) kind=wikimedia_pageviews x1 due=2026-09-23 — Wikimedia 2026-09-23 数据 T+1 才发布
[2026-09-13T01:47:01+08:00]   [dry] would resolve kind=wikimedia_pageviews x1 due=2026-09-08 -> true | Wikimedia Artificial_intelligence 2026-09-08 views=30755（阈值 >=28628，机检）
[2026-09-13T01:47:01+08:00]   [dry] would resolve kind=wikimedia_pageviews x1 due=2026-08-14 -> true | Wikimedia Artificial_intelligence 2026-08-14 views=29538（阈值 >=22184，机检）
[2026-09-13T01:47:01+08:00]   [dry] would resolve kind=wikimedia_pageviews x1 due=2026-07-15 -> false | Wikimedia Artificial_intelligence 2026-07-15 views=21071（阈值 >=29214，机检）
[2026-09-13T01:47:01+08:00]   pending(预筛) kind=wikimedia_pageviews x1 due=2026-09-16 — Wikimedia 2026-09-16 数据 T+1 才发布
[2026-09-13T01:47:01+08:00]   pending(预筛) kind=wikimedia_pageviews x1 due=2026-09-23 — Wikimedia 2026-09-23 数据 T+1 才发布
[2026-09-13T01:47:01+08:00]   [dry] would resolve kind=wikimedia_pageviews x1 due=2026-09-08 -> false | Wikimedia ChatGPT 2026-09-08 views=55921（阈值 >=114470，机检）
[2026-09-13T01:47:01+08:00]   [dry] would resolve kind=wikimedia_pageviews x1 due=2026-08-14 -> false | Wikimedia ChatGPT 2026-08-14 views=47596（阈值 >=123614，机检）
[2026-09-13T01:47:01+08:00]   [dry] would resolve kind=wikimedia_pageviews x1 due=2026-07-15 -> false | Wikimedia ChatGPT 2026-07-15 views=120564（阈值 >=123738，机检）
[2026-09-13T01:47:01+08:00]   pending(预筛) kind=wikimedia_pageviews x1 due=2026-09-16 — Wikimedia 2026-09-16 数据 T+1 才发布
[2026-09-13T01:47:01+08:00]   pending(预筛) kind=wikimedia_pageviews x1 due=2026-09-23 — Wikimedia 2026-09-23 数据 T+1 才发布
[2026-09-13T01:47:01+08:00]   [dry] would resolve kind=wikimedia_pageviews x1 due=2026-09-08 -> false | Wikimedia Taylor_Swift 2026-09-08 views=13698（阈值 >=19345，机检）
[2026-09-13T01:47:01+08:00]   [dry] would resolve kind=wikimedia_pageviews x1 due=2026-08-14 -> false | Wikimedia Taylor_Swift 2026-08-14 views=14985（阈值 >=29318，机检）
[2026-09-13T01:47:01+08:00]   [dry] would resolve kind=wikimedia_pageviews x1 due=2026-07-15 -> false | Wikimedia Taylor_Swift 2026-07-15 views=19881（阈值 >=31136，机检）
[2026-09-13T01:47:01+08:00]   pending(预筛) kind=wikimedia_pageviews x1 due=2026-09-16 — Wikimedia 2026-09-16 数据 T+1 才发布
[2026-09-13T01:47:01+08:00]   pending(预筛) kind=wikimedia_pageviews x1 due=2026-09-23 — Wikimedia 2026-09-23 数据 T+1 才发布
[2026-09-13T01:47:01+08:00]   fetch-fail kind=wikimedia_pageviews x1 — HTTP 429（跳过不写）
[2026-09-13T01:47:01+08:00]   fetch-fail kind=wikimedia_pageviews x1 — HTTP 429（跳过不写）
[2026-09-13T01:47:01+08:00]   fetch-fail kind=wikimedia_pageviews x1 — HTTP 429（跳过不写）
[2026-09-13T01:47:01+08:00]   pending(预筛) kind=wikimedia_pageviews x1 due=2026-09-16 — Wikimedia 2026-09-16 数据 T+1 才发布
[2026-09-13T01:47:01+08:00]   pending(预筛) kind=wikimedia_pageviews x1 due=2026-09-23 — Wikimedia 2026-09-23 数据 T+1 才发布
[2026-09-13T01:47:01+08:00]   [dry] would resolve kind=github_weekly_commits x1 due=2026-09-06 -> true | GitHub nodejs/node 周 2026-08-30~2026-09-05 提交数=121（阈值 >=61，机检）
[2026-09-13T01:47:01+08:00]   [dry] would resolve kind=github_weekly_commits x1 due=2026-08-30 -> true | GitHub nodejs/node 周 2026-08-23~2026-08-29 提交数=127（阈值 >=61，机检）
[2026-09-13T01:47:01+08:00]   pending(预筛) kind=github_weekly_commits x1 due=2026-09-27 — GitHub 周 2026-09-20~2026-09-26 尚未结束（stats 亦需 T+1）
[2026-09-13T01:47:01+08:00]   [dry] would resolve kind=github_weekly_commits x1 due=2026-09-06 -> true | GitHub microsoft/vscode 周 2026-08-30~2026-09-05 提交数=674（阈值 >=621，机检）
[2026-09-13T01:47:01+08:00]   [dry] would resolve kind=github_weekly_commits x1 due=2026-08-30 -> true | GitHub microsoft/vscode 周 2026-08-23~2026-08-29 提交数=686（阈值 >=683，机检）
[2026-09-13T01:47:01+08:00]   pending(预筛) kind=github_weekly_commits x1 due=2026-09-27 — GitHub 周 2026-09-20~2026-09-26 尚未结束（stats 亦需 T+1）
[2026-09-13T01:47:01+08:00]   [dry] would resolve kind=github_weekly_commits x1 due=2026-09-06 -> true | GitHub facebook/react 周 2026-08-30~2026-09-05 提交数=23（阈值 >=15，机检）
[2026-09-13T01:47:01+08:00]   [dry] would resolve kind=github_weekly_commits x1 due=2026-08-30 -> true | GitHub facebook/react 周 2026-08-23~2026-08-29 提交数=25（阈值 >=9，机检）
[2026-09-13T01:47:01+08:00]   pending(预筛) kind=github_weekly_commits x1 due=2026-09-27 — GitHub 周 2026-09-20~2026-09-26 尚未结束（stats 亦需 T+1）
[2026-09-13T01:47:01+08:00]   pending(预筛) kind=frankfurter_rate_range x1 due=2026-09-16 — ECB 发布窗口 2026-09-16~2026-09-23 尚未走完（接口对未来区间 404）
[2026-09-13T01:47:01+08:00]   pending(预筛) kind=frankfurter_rate_range x1 due=2026-09-23 — ECB 发布窗口 2026-09-23~2026-09-30 尚未走完（接口对未来区间 404）
[2026-09-13T01:47:01+08:00]   [dry] would resolve kind=frankfurter_rate x1 due=2026-08-14 -> false | Frankfurter ECB USD/CNY 2026-08-14=6.7413（阈值 >=6.939，机检）
[2026-09-13T01:47:01+08:00]   [dry] would resolve kind=frankfurter_rate x1 due=2026-05-15 -> false | Frankfurter ECB USD/CNY 2026-05-15=6.8106（阈值 >=7.1143，机检）
[2026-09-13T01:47:01+08:00]   pending(预筛) kind=frankfurter_rate_range x1 due=2026-09-16 — ECB 发布窗口 2026-09-16~2026-09-23 尚未走完（接口对未来区间 404）
[2026-09-13T01:47:01+08:00]   pending(预筛) kind=frankfurter_rate_range x1 due=2026-09-23 — ECB 发布窗口 2026-09-23~2026-09-30 尚未走完（接口对未来区间 404）
[2026-09-13T01:47:01+08:00]   [dry] would resolve kind=frankfurter_rate x1 due=2026-08-14 -> true | Frankfurter ECB USD/JPY 2026-08-14=159.01（阈值 >=155.37，机检）
[2026-09-13T01:47:01+08:00]   [dry] would resolve kind=frankfurter_rate x1 due=2026-05-15 -> true | Frankfurter ECB USD/JPY 2026-05-15=158.55（阈值 >=148.77，机检）
[2026-09-13T01:47:01+08:00]   pending(预筛) kind=frankfurter_rate_range x1 due=2026-09-16 — ECB 发布窗口 2026-09-16~2026-09-23 尚未走完（接口对未来区间 404）
[2026-09-13T01:47:01+08:00]   pending(预筛) kind=frankfurter_rate_range x1 due=2026-09-23 — ECB 发布窗口 2026-09-23~2026-09-30 尚未走完（接口对未来区间 404）
[2026-09-13T01:47:01+08:00]   [dry] would resolve kind=frankfurter_rate x1 due=2026-08-14 -> false | Frankfurter ECB USD/EUR 2026-08-14=0.86453（阈值 >=0.866，机检）
[2026-09-13T01:47:01+08:00]   [dry] would resolve kind=frankfurter_rate x1 due=2026-05-15 -> true | Frankfurter ECB USD/EUR 2026-05-15=0.85999（阈值 >=0.8581，机检）
[2026-09-13T01:47:01+08:00]   pending(预筛) kind=npm_downloads_window x1 due=2026-09-23 — npm react 窗口 2026-09-16~2026-09-22 未走完（接口对未来区间 400）
[2026-09-13T01:47:01+08:00]   pending(预筛) kind=npm_downloads_window x1 due=2026-09-30 — npm react 窗口 2026-09-23~2026-09-29 未走完（接口对未来区间 400）
[2026-09-13T01:47:01+08:00]   [dry] would resolve kind=npm_downloads_window x1 due=2026-08-15 -> false | npm react 2026-08-08~2026-08-14 下载量=114596558（阈值 >=131023645，7 日满窗，机检）
[2026-09-13T01:47:01+08:00]   pending(预筛) kind=npm_downloads_window x1 due=2026-09-23 — npm typescript 窗口 2026-09-16~2026-09-22 未走完（接口对未来区间 400）
[2026-09-13T01:47:01+08:00]   pending(预筛) kind=npm_downloads_window x1 due=2026-09-30 — npm typescript 窗口 2026-09-23~2026-09-29 未走完（接口对未来区间 400）
[2026-09-13T01:47:01+08:00]   [dry] would resolve kind=npm_downloads_window x1 due=2026-08-15 -> false | npm typescript 2026-08-08~2026-08-14 下载量=178971998（阈值 >=184568120，7 日满窗，机检）
[2026-09-13T01:47:01+08:00]   pending(预筛) kind=npm_downloads_window x1 due=2026-09-23 — npm vite 窗口 2026-09-16~2026-09-22 未走完（接口对未来区间 400）
[2026-09-13T01:47:01+08:00]   pending(预筛) kind=npm_downloads_window x1 due=2026-09-30 — npm vite 窗口 2026-09-23~2026-09-29 未走完（接口对未来区间 400）
[2026-09-13T01:47:01+08:00]   [dry] would resolve kind=npm_downloads_window x1 due=2026-08-15 -> true | npm vite 2026-08-08~2026-08-14 下载量=142403653（阈值 >=120319176，7 日满窗，机检）
[2026-09-13T01:47:01+08:00]   [dry] would resolve kind=dbnomics_bis_monthly_mean x1 due=2024-06-01 -> true | DBnomics BIS D.N.B.US 2024-05 月均值=105.228（阈值 >=96.27，n=23 日值，非数字观测已剔除，机检）
[2026-09-13T01:47:01+08:00]   [dry] would resolve kind=dbnomics_bis_monthly_mean x1 due=2023-07-01 -> true | DBnomics BIS D.N.B.US 2023-06 月均值=103.068（阈值 >=93.442，n=22 日值，非数字观测已剔除，机检）
[2026-09-13T01:47:01+08:00]   pending(预筛) kind=dbnomics_bis_monthly_mean x1 due=2026-11-01 — BIS 2026-10 月值未发布（BIS 滞后约 1 个月，实测最新 2025-07）
[2026-09-13T01:47:01+08:00]   pending(预筛) kind=dbnomics_bis_monthly_mean x1 due=2026-12-01 — BIS 2026-11 月值未发布（BIS 滞后约 1 个月，实测最新 2025-07）
[2026-09-13T01:47:01+08:00]   [dry] would resolve kind=dbnomics_bis_monthly_mean x1 due=2024-06-01 -> true | DBnomics BIS D.N.B.CN 2024-05 月均值=106.38（阈值 >=98.881，n=23 日值，非数字观测已剔除，机检）
[2026-09-13T01:47:01+08:00]   [dry] would resolve kind=dbnomics_bis_monthly_mean x1 due=2023-07-01 -> true | DBnomics BIS D.N.B.CN 2023-06 月均值=103.959（阈值 >=82.647，n=22 日值，非数字观测已剔除，机检）
[2026-09-13T01:47:01+08:00]   pending(预筛) kind=dbnomics_bis_monthly_mean x1 due=2026-11-01 — BIS 2026-10 月值未发布（BIS 滞后约 1 个月，实测最新 2025-07）
[2026-09-13T01:47:01+08:00]   pending(预筛) kind=dbnomics_bis_monthly_mean x1 due=2026-12-01 — BIS 2026-11 月值未发布（BIS 滞后约 1 个月，实测最新 2025-07）
[2026-09-13T01:47:01+08:00]   [dry] would resolve kind=dbnomics_bis_monthly_mean x1 due=2024-06-01 -> false | DBnomics BIS D.N.B.JP 2024-05 月均值=72.684（阈值 >=95.32，n=23 日值，非数字观测已剔除，机检）
[2026-09-13T01:47:01+08:00]   [dry] would resolve kind=dbnomics_bis_monthly_mean x1 due=2023-07-01 -> false | DBnomics BIS D.N.B.JP 2023-06 月均值=78.847（阈值 >=92.04，n=22 日值，非数字观测已剔除，机检）
[2026-09-13T01:47:01+08:00]   pending(预筛) kind=dbnomics_bis_monthly_mean x1 due=2026-11-01 — BIS 2026-10 月值未发布（BIS 滞后约 1 个月，实测最新 2025-07）
[2026-09-13T01:47:01+08:00]   pending(预筛) kind=dbnomics_bis_monthly_mean x1 due=2026-12-01 — BIS 2026-11 月值未发布（BIS 滞后约 1 个月，实测最新 2025-07）
[2026-09-13T01:47:01+08:00] round#1 用时 132.7s | 未解总数=369 到期选中=366 唯一真值请求=366（台账重复合并 0） | resolved=0 pending=185（含预筛 47） fail=35 refused=0／同结论并发=0 口径护栏=3 unsupported=0 未到期跳过=0 无法定到期=0 wouldWrite=146 实打网=195
[2026-09-13T01:47:01+08:00]   取数失败明细 {"fetch-fail:dlt_draw_result:HTTP 567":32,"fetch-fail:wikimedia_pageviews:HTTP 429":3}
[2026-09-13T01:47:19+08:00] === corpus-resolve-daemon start | mode=once interval=60min due-only=false confirm=false（DRY-RUN，不写库）
[2026-09-13T01:47:19+08:00] 复用 corpus-resolve RESOLVERS 成功：inline-extract(7 kinds)
[2026-09-13T01:47:24+08:00] WARN dlt 日历刷新失败（沿用内置锚 26104@2026-09-12）: HTTP 567
[2026-09-13T01:47:24+08:00] 日历锚刷新：ssq 2026105@2026-09-10 | dlt 26104@2026-09-12
[2026-09-13T01:47:24+08:00] 参数安全门：跳过 3 条口径不符题（不写脏账）— cwl_ssq_red_contains 缺合法 ball（实测=null） @id732 / cwl_ssq_red_contains 缺合法 ball（实测=null） @id734 / cwl_ssq_red_contains 缺合法 ball（实测=null） @id736
[2026-09-13T01:58:36+08:00] === corpus-resolve-daemon start | mode=once interval=60min due-only=false confirm=true
[2026-09-13T01:58:36+08:00] 复用 corpus-resolve RESOLVERS 成功：inline-extract(7 kinds)
[2026-09-13T01:58:41+08:00] WARN dlt 日历刷新失败（沿用内置锚 26104@2026-09-12）: HTTP 567
[2026-09-13T01:58:41+08:00] 日历锚刷新：ssq 2026105@2026-09-10 | dlt 26104@2026-09-12
[2026-09-13T01:58:41+08:00] 参数安全门：跳过 3 条口径不符题（不写脏账）— cwl_ssq_red_contains 缺合法 ball（实测=null） @id732 / cwl_ssq_red_contains 缺合法 ball（实测=null） @id734 / cwl_ssq_red_contains 缺合法 ball（实测=null） @id736
[2026-09-13T02:14:12+08:00] === corpus-resolve-daemon start | mode=once interval=60min due-only=false confirm=false（DRY-RUN，不写库）
[2026-09-13T02:14:12+08:00] 复用 corpus-resolve RESOLVERS 成功：inline-extract(7 kinds)
[2026-09-13T02:14:17+08:00] WARN dlt 日历刷新失败（沿用内置锚 26104@2026-09-12）: HTTP 567
[2026-09-13T02:14:17+08:00] 日历锚刷新：ssq 2026105@2026-09-10 | dlt 26104@2026-09-12
[2026-09-13T02:14:17+08:00] 参数安全门：跳过 3 条口径不符题（不写脏账）— cwl_ssq_red_contains 缺合法 ball（实测=null） @id732 / cwl_ssq_red_contains 缺合法 ball（实测=null） @id734 / cwl_ssq_red_contains 缺合法 ball（实测=null） @id736
[2026-09-13T02:18:25+08:00] 二遍补打 38 组（首遍网络失败，缓 8s 后重试一次）
[2026-09-13T02:18:34+08:00]   pending kind=openmeteo_daily_max x1 due=2026-09-14 — archive 尚无 2026-09-14（ERA5 未入库）
[2026-09-13T02:18:34+08:00]   pending kind=dbnomics_series_value x1 due=2026-10-01 — 2026-09 观测值未发布
[2026-09-13T02:18:34+08:00]   pending kind=cwl_ssq_red_contains x1 due=2026-09-13 — 第 2026106 期未开奖
[2026-09-13T02:18:34+08:00]   pending kind=cwl_ssq_blue_odd x1 due=2026-09-13 — 第 2026106 期未开奖
[2026-09-13T02:18:34+08:00]   pending kind=openmeteo_daily_max x1 due=2026-09-13 — archive 尚无 2026-09-13（ERA5 未入库）
[2026-09-13T02:18:34+08:00]   pending kind=openmeteo_daily_max x1 due=2026-09-14 — archive 尚无 2026-09-14（ERA5 未入库）
[2026-09-13T02:18:34+08:00]   pending kind=openmeteo_daily_max x1 due=2026-09-15 — archive 尚无 2026-09-15（ERA5 未入库）
[2026-09-13T02:18:34+08:00]   pending kind=openmeteo_daily_max x1 due=2026-09-16 — archive 尚无 2026-09-16（ERA5 未入库）
[2026-09-13T02:18:34+08:00]   pending kind=openmeteo_daily_max x1 due=2026-09-13 — archive 尚无 2026-09-13（ERA5 未入库）
[2026-09-13T02:18:34+08:00]   pending kind=openmeteo_daily_max x1 due=2026-09-14 — archive 尚无 2026-09-14（ERA5 未入库）
[2026-09-13T02:18:34+08:00]   pending kind=openmeteo_daily_max x1 due=2026-09-15 — archive 尚无 2026-09-15（ERA5 未入库）
[2026-09-13T02:18:34+08:00]   pending kind=openmeteo_daily_max x1 due=2026-09-16 — archive 尚无 2026-09-16（ERA5 未入库）
[2026-09-13T02:18:34+08:00]   pending kind=openmeteo_daily_max x1 due=2026-09-13 — archive 尚无 2026-09-13（ERA5 未入库）
[2026-09-13T02:18:34+08:00]   pending kind=openmeteo_daily_max x1 due=2026-09-14 — archive 尚无 2026-09-14（ERA5 未入库）
[2026-09-13T02:18:34+08:00]   pending kind=openmeteo_daily_max x1 due=2026-09-15 — archive 尚无 2026-09-15（ERA5 未入库）
[2026-09-13T02:18:34+08:00]   pending kind=openmeteo_daily_max x1 due=2026-09-16 — archive 尚无 2026-09-16（ERA5 未入库）
[2026-09-13T02:18:34+08:00]   pending kind=openmeteo_daily_max x1 due=2026-09-13 — archive 尚无 2026-09-13（ERA5 未入库）
[2026-09-13T02:18:34+08:00]   pending kind=openmeteo_daily_max x1 due=2026-09-14 — archive 尚无 2026-09-14（ERA5 未入库）
[2026-09-13T02:18:34+08:00]   pending kind=openmeteo_daily_max x1 due=2026-09-15 — archive 尚无 2026-09-15（ERA5 未入库）
[2026-09-13T02:18:34+08:00]   pending kind=openmeteo_daily_max x1 due=2026-09-16 — archive 尚无 2026-09-16（ERA5 未入库）
[2026-09-13T02:18:34+08:00]   pending kind=dbnomics_series_value x1 due=2026-11-01 — 2026-10 观测值未发布
[2026-09-13T02:18:34+08:00]   pending kind=dbnomics_series_value x1 due=2026-11-01 — 2026-10 观测值未发布
[2026-09-13T02:18:34+08:00]   [dry] would resolve kind=openmeteo_forecast_daily_max x1 due=2026-09-14 -> true | Open-Meteo forecast 2026-09-14 max=30.3C（阈值 >27，机检）
[2026-09-13T02:18:34+08:00]   [dry] would resolve kind=openmeteo_forecast_daily_max x1 due=2026-09-15 -> true | Open-Meteo forecast 2026-09-15 max=28.6C（阈值 >27，机检）
[2026-09-13T02:18:34+08:00]   [dry] would resolve kind=openmeteo_forecast_daily_max x1 due=2026-09-17 -> true | Open-Meteo forecast 2026-09-17 max=31.1C（阈值 >27，机检）
[2026-09-13T02:18:34+08:00]   [dry] would resolve kind=openmeteo_forecast_daily_max x1 due=2026-09-19 -> true | Open-Meteo forecast 2026-09-19 max=30.5C（阈值 >27，机检）
[2026-09-13T02:18:34+08:00]   [dry] would resolve kind=openmeteo_forecast_daily_max x1 due=2026-09-21 -> true | Open-Meteo forecast 2026-09-21 max=28.6C（阈值 >27，机检）
[2026-09-13T02:18:34+08:00]   [dry] would resolve kind=openmeteo_forecast_daily_max x1 due=2026-09-24 -> false | Open-Meteo forecast 2026-09-24 max=26.1C（阈值 >27，机检）
[2026-09-13T02:18:34+08:00]   [dry] would resolve kind=openmeteo_forecast_daily_max x1 due=2026-09-27 -> true | Open-Meteo forecast 2026-09-27 max=27.2C（阈值 >27，机检）
[2026-09-13T02:18:34+08:00]   [dry] would resolve kind=openmeteo_forecast_daily_max x1 due=2026-09-14 -> false | Open-Meteo forecast 2026-09-14 max=26.5C（阈值 >27，机检）
[2026-09-13T02:18:34+08:00]   [dry] would resolve kind=openmeteo_forecast_daily_max x1 due=2026-09-15 -> true | Open-Meteo forecast 2026-09-15 max=29.4C（阈值 >27，机检）
[2026-09-13T02:18:34+08:00]   [dry] would resolve kind=openmeteo_forecast_daily_max x1 due=2026-09-17 -> true | Open-Meteo forecast 2026-09-17 max=31.7C（阈值 >27，机检）
[2026-09-13T02:18:34+08:00]   [dry] would resolve kind=openmeteo_forecast_daily_max x1 due=2026-09-19 -> true | Open-Meteo forecast 2026-09-19 max=30.5C（阈值 >27，机检）
[2026-09-13T02:18:34+08:00]   [dry] would resolve kind=openmeteo_forecast_daily_max x1 due=2026-09-21 -> false | Open-Meteo forecast 2026-09-21 max=19.4C（阈值 >27，机检）
[2026-09-13T02:18:34+08:00]   [dry] would resolve kind=openmeteo_forecast_daily_max x1 due=2026-09-24 -> false | Open-Meteo forecast 2026-09-24 max=23.9C（阈值 >27，机检）
[2026-09-13T02:18:34+08:00]   [dry] would resolve kind=openmeteo_forecast_daily_max x1 due=2026-09-27 -> true | Open-Meteo forecast 2026-09-27 max=30.5C（阈值 >27，机检）
[2026-09-13T02:18:34+08:00]   [dry] would resolve kind=openmeteo_forecast_daily_max x1 due=2026-09-14 -> false | Open-Meteo forecast 2026-09-14 max=31C（阈值 >31，机检）
[2026-09-13T02:18:34+08:00]   [dry] would resolve kind=openmeteo_forecast_daily_max x1 due=2026-09-15 -> false | Open-Meteo forecast 2026-09-15 max=30.2C（阈值 >31，机检）
[2026-09-13T02:18:34+08:00]   [dry] would resolve kind=openmeteo_forecast_daily_max x1 due=2026-09-17 -> true | Open-Meteo forecast 2026-09-17 max=31.8C（阈值 >31，机检）
[2026-09-13T02:18:34+08:00]   [dry] would resolve kind=openmeteo_forecast_daily_max x1 due=2026-09-19 -> true | Open-Meteo forecast 2026-09-19 max=32.7C（阈值 >31，机检）
[2026-09-13T02:18:34+08:00]   [dry] would resolve kind=openmeteo_forecast_daily_max x1 due=2026-09-21 -> true | Open-Meteo forecast 2026-09-21 max=34.4C（阈值 >31，机检）
[2026-09-13T02:18:34+08:00]   [dry] would resolve kind=openmeteo_forecast_daily_max x1 due=2026-09-24 -> true | Open-Meteo forecast 2026-09-24 max=31.7C（阈值 >31，机检）
[2026-09-13T02:18:34+08:00]   [dry] would resolve kind=openmeteo_forecast_daily_max x1 due=2026-09-27 -> false | Open-Meteo forecast 2026-09-27 max=25.6C（阈值 >31，机检）
[2026-09-13T02:18:34+08:00]   [dry] would resolve kind=openmeteo_forecast_daily_max x1 due=2026-09-14 -> false | Open-Meteo forecast 2026-09-14 max=25.1C（阈值 >26，机检）
[2026-09-13T02:18:34+08:00]   [dry] would resolve kind=openmeteo_forecast_daily_max x1 due=2026-09-15 -> false | Open-Meteo forecast 2026-09-15 max=22.3C（阈值 >26，机检）
[2026-09-13T02:18:34+08:00]   [dry] would resolve kind=openmeteo_forecast_daily_max x1 due=2026-09-17 -> true | Open-Meteo forecast 2026-09-17 max=27.1C（阈值 >26，机检）
[2026-09-13T02:18:34+08:00]   [dry] would resolve kind=openmeteo_forecast_daily_max x1 due=2026-09-19 -> false | Open-Meteo forecast 2026-09-19 max=25.7C（阈值 >26，机检）
[2026-09-13T02:18:34+08:00]   [dry] would resolve kind=openmeteo_forecast_daily_max x1 due=2026-09-21 -> false | Open-Meteo forecast 2026-09-21 max=23.4C（阈值 >26，机检）
[2026-09-13T02:18:34+08:00]   [dry] would resolve kind=openmeteo_forecast_daily_max x1 due=2026-09-24 -> false | Open-Meteo forecast 2026-09-24 max=23.8C（阈值 >26，机检）
[2026-09-13T02:18:34+08:00]   [dry] would resolve kind=openmeteo_forecast_daily_max x1 due=2026-09-27 -> false | Open-Meteo forecast 2026-09-27 max=18.2C（阈值 >26，机检）
[2026-09-13T02:18:34+08:00]   [dry] would resolve kind=openmeteo_forecast_daily_max x1 due=2026-09-14 -> true | Open-Meteo forecast 2026-09-14 max=31.2C（阈值 >27，机检）
[2026-09-13T02:18:34+08:00]   [dry] would resolve kind=openmeteo_forecast_daily_max x1 due=2026-09-15 -> false | Open-Meteo forecast 2026-09-15 max=25.9C（阈值 >27，机检）
[2026-09-13T02:18:34+08:00]   [dry] would resolve kind=openmeteo_forecast_daily_max x1 due=2026-09-17 -> false | Open-Meteo forecast 2026-09-17 max=22.2C（阈值 >27，机检）
[2026-09-13T02:18:34+08:00]   [dry] would resolve kind=openmeteo_forecast_daily_max x1 due=2026-09-19 -> false | Open-Meteo forecast 2026-09-19 max=25.3C（阈值 >27，机检）
[2026-09-13T02:18:34+08:00]   [dry] would resolve kind=openmeteo_forecast_daily_max x1 due=2026-09-21 -> true | Open-Meteo forecast 2026-09-21 max=28.7C（阈值 >27，机检）
[2026-09-13T02:18:34+08:00]   [dry] would resolve kind=openmeteo_forecast_daily_max x1 due=2026-09-24 -> true | Open-Meteo forecast 2026-09-24 max=30.1C（阈值 >27，机检）
[2026-09-13T02:18:34+08:00]   [dry] would resolve kind=openmeteo_forecast_daily_max x1 due=2026-09-27 -> false | Open-Meteo forecast 2026-09-27 max=19.6C（阈值 >27，机检）
[2026-09-13T02:18:34+08:00]   [dry] would resolve kind=openmeteo_forecast_daily_max x1 due=2026-09-14 -> true | Open-Meteo forecast 2026-09-14 max=25.8C（阈值 >25，机检）
[2026-09-13T02:18:34+08:00]   [dry] would resolve kind=openmeteo_forecast_daily_max x1 due=2026-09-15 -> true | Open-Meteo forecast 2026-09-15 max=25.5C（阈值 >25，机检）
[2026-09-13T02:18:34+08:00]   [dry] would resolve kind=openmeteo_forecast_daily_max x1 due=2026-09-17 -> true | Open-Meteo forecast 2026-09-17 max=26.4C（阈值 >25，机检）
[2026-09-13T02:18:34+08:00]   [dry] would resolve kind=openmeteo_forecast_daily_max x1 due=2026-09-19 -> true | Open-Meteo forecast 2026-09-19 max=29C（阈值 >25，机检）
[2026-09-13T02:18:34+08:00]   [dry] would resolve kind=openmeteo_forecast_daily_max x1 due=2026-09-21 -> true | Open-Meteo forecast 2026-09-21 max=31.3C（阈值 >25，机检）
[2026-09-13T02:18:34+08:00]   [dry] would resolve kind=openmeteo_forecast_daily_max x1 due=2026-09-24 -> false | Open-Meteo forecast 2026-09-24 max=24.5C（阈值 >25，机检）
[2026-09-13T02:18:34+08:00]   [dry] would resolve kind=openmeteo_forecast_daily_max x1 due=2026-09-27 -> true | Open-Meteo forecast 2026-09-27 max=28.3C（阈值 >25，机检）
[2026-09-13T02:18:34+08:00]   [dry] would resolve kind=openmeteo_forecast_daily_max x1 due=2026-09-14 -> true | Open-Meteo forecast 2026-09-14 max=29.9C（阈值 >29，机检）
[2026-09-13T02:18:34+08:00]   [dry] would resolve kind=openmeteo_forecast_daily_max x1 due=2026-09-15 -> true | Open-Meteo forecast 2026-09-15 max=31.5C（阈值 >29，机检）
[2026-09-13T02:18:34+08:00]   [dry] would resolve kind=openmeteo_forecast_daily_max x1 due=2026-09-17 -> false | Open-Meteo forecast 2026-09-17 max=29C（阈值 >29，机检）
[2026-09-13T02:18:34+08:00]   [dry] would resolve kind=openmeteo_forecast_daily_max x1 due=2026-09-19 -> true | Open-Meteo forecast 2026-09-19 max=30C（阈值 >29，机检）
[2026-09-13T02:18:34+08:00]   [dry] would resolve kind=openmeteo_forecast_daily_max x1 due=2026-09-21 -> true | Open-Meteo forecast 2026-09-21 max=33.3C（阈值 >29，机检）
[2026-09-13T02:18:34+08:00]   [dry] would resolve kind=openmeteo_forecast_daily_max x1 due=2026-09-24 -> true | Open-Meteo forecast 2026-09-24 max=33C（阈值 >29，机检）
[2026-09-13T02:18:34+08:00]   [dry] would resolve kind=openmeteo_forecast_daily_max x1 due=2026-09-27 -> true | Open-Meteo forecast 2026-09-27 max=30.6C（阈值 >29，机检）
[2026-09-13T02:18:34+08:00]   [dry] would resolve kind=openmeteo_forecast_daily_max x1 due=2026-09-14 -> true | Open-Meteo forecast 2026-09-14 max=25.4C（阈值 >20，机检）
[2026-09-13T02:18:34+08:00]   [dry] would resolve kind=openmeteo_forecast_daily_max x1 due=2026-09-15 -> true | Open-Meteo forecast 2026-09-15 max=21C（阈值 >20，机检）
[2026-09-13T02:18:34+08:00]   [dry] would resolve kind=openmeteo_forecast_daily_max x1 due=2026-09-17 -> false | Open-Meteo forecast 2026-09-17 max=15.7C（阈值 >20，机检）
[2026-09-13T02:18:34+08:00]   [dry] would resolve kind=openmeteo_forecast_daily_max x1 due=2026-09-19 -> true | Open-Meteo forecast 2026-09-19 max=22.9C（阈值 >20，机检）
[2026-09-13T02:18:34+08:00]   [dry] would resolve kind=openmeteo_forecast_daily_max x1 due=2026-09-21 -> false | Open-Meteo forecast 2026-09-21 max=17.9C（阈值 >20，机检）
[2026-09-13T02:18:34+08:00]   [dry] would resolve kind=openmeteo_forecast_daily_max x1 due=2026-09-24 -> true | Open-Meteo forecast 2026-09-24 max=24.7C（阈值 >20，机检）
[2026-09-13T02:18:34+08:00]   [dry] would resolve kind=openmeteo_forecast_daily_max x1 due=2026-09-27 -> true | Open-Meteo forecast 2026-09-27 max=28.1C（阈值 >20，机检）
[2026-09-13T02:18:34+08:00]   [dry] would resolve kind=openmeteo_forecast_daily_max x1 due=2026-09-14 -> true | Open-Meteo forecast 2026-09-14 max=23.5C（阈值 >20，机检）
[2026-09-13T02:18:34+08:00]   [dry] would resolve kind=openmeteo_forecast_daily_max x1 due=2026-09-15 -> true | Open-Meteo forecast 2026-09-15 max=23.8C（阈值 >20，机检）
[2026-09-13T02:18:34+08:00]   [dry] would resolve kind=openmeteo_forecast_daily_max x1 due=2026-09-17 -> false | Open-Meteo forecast 2026-09-17 max=19.8C（阈值 >20，机检）
[2026-09-13T02:18:34+08:00]   [dry] would resolve kind=openmeteo_forecast_daily_max x1 due=2026-09-19 -> true | Open-Meteo forecast 2026-09-19 max=21.3C（阈值 >20，机检）
[2026-09-13T02:18:34+08:00]   [dry] would resolve kind=openmeteo_forecast_daily_max x1 due=2026-09-21 -> true | Open-Meteo forecast 2026-09-21 max=21C（阈值 >20，机检）
[2026-09-13T02:18:34+08:00]   [dry] would resolve kind=openmeteo_forecast_daily_max x1 due=2026-09-24 -> false | Open-Meteo forecast 2026-09-24 max=18.9C（阈值 >20，机检）
[2026-09-13T02:18:34+08:00]   pending kind=openmeteo_forecast_daily_max x1 due=2026-09-27 — 尚无 2026-09-27 日值
[2026-09-13T02:18:34+08:00]   [dry] would resolve kind=openmeteo_forecast_daily_max x1 due=2026-09-14 -> true | Open-Meteo forecast 2026-09-14 max=28C（阈值 >22，机检）
[2026-09-13T02:18:34+08:00]   [dry] would resolve kind=openmeteo_forecast_daily_max x1 due=2026-09-15 -> true | Open-Meteo forecast 2026-09-15 max=30.7C（阈值 >22，机检）
[2026-09-13T02:18:34+08:00]   [dry] would resolve kind=openmeteo_forecast_daily_max x1 due=2026-09-17 -> false | Open-Meteo forecast 2026-09-17 max=19.4C（阈值 >22，机检）
[2026-09-13T02:18:34+08:00]   [dry] would resolve kind=openmeteo_forecast_daily_max x1 due=2026-09-19 -> false | Open-Meteo forecast 2026-09-19 max=21.5C（阈值 >22，机检）
[2026-09-13T02:18:34+08:00]   [dry] would resolve kind=openmeteo_forecast_daily_max x1 due=2026-09-21 -> true | Open-Meteo forecast 2026-09-21 max=24.6C（阈值 >22，机检）
[2026-09-13T02:18:34+08:00]   [dry] would resolve kind=openmeteo_forecast_daily_max x1 due=2026-09-24 -> false | Open-Meteo forecast 2026-09-24 max=21.5C（阈值 >22，机检）
[2026-09-13T02:18:34+08:00]   [dry] would resolve kind=openmeteo_forecast_daily_max x1 due=2026-09-27 -> true | Open-Meteo forecast 2026-09-27 max=25.5C（阈值 >22，机检）
[2026-09-13T02:18:34+08:00]   [dry] would resolve kind=openmeteo_forecast_daily_max x1 due=2026-09-14 -> true | Open-Meteo forecast 2026-09-14 max=25.7C（阈值 >25，机检）
[2026-09-13T02:18:34+08:00]   [dry] would resolve kind=openmeteo_forecast_daily_max x1 due=2026-09-15 -> false | Open-Meteo forecast 2026-09-15 max=25C（阈值 >25，机检）
[2026-09-13T02:18:34+08:00]   [dry] would resolve kind=openmeteo_forecast_daily_max x1 due=2026-09-17 -> false | Open-Meteo forecast 2026-09-17 max=23.1C（阈值 >25，机检）
[2026-09-13T02:18:34+08:00]   [dry] would resolve kind=openmeteo_forecast_daily_max x1 due=2026-09-19 -> false | Open-Meteo forecast 2026-09-19 max=23.2C（阈值 >25，机检）
[2026-09-13T02:18:34+08:00]   [dry] would resolve kind=openmeteo_forecast_daily_max x1 due=2026-09-21 -> false | Open-Meteo forecast 2026-09-21 max=22.4C（阈值 >25，机检）
[2026-09-13T02:18:34+08:00]   [dry] would resolve kind=openmeteo_forecast_daily_max x1 due=2026-09-24 -> false | Open-Meteo forecast 2026-09-24 max=19.4C（阈值 >25，机检）
[2026-09-13T02:18:34+08:00]   [dry] would resolve kind=openmeteo_forecast_daily_max x1 due=2026-09-27 -> false | Open-Meteo forecast 2026-09-27 max=21.9C（阈值 >25，机检）
[2026-09-13T02:18:34+08:00]   [dry] would resolve kind=openmeteo_forecast_daily_max x1 due=2026-09-14 -> false | Open-Meteo forecast 2026-09-14 max=29.8C（阈值 >31，机检）
[2026-09-13T02:18:34+08:00]   [dry] would resolve kind=openmeteo_forecast_daily_max x1 due=2026-09-15 -> false | Open-Meteo forecast 2026-09-15 max=29.8C（阈值 >31，机检）
[2026-09-13T02:18:34+08:00]   [dry] would resolve kind=openmeteo_forecast_daily_max x1 due=2026-09-17 -> false | Open-Meteo forecast 2026-09-17 max=29.9C（阈值 >31，机检）
[2026-09-13T02:18:34+08:00]   [dry] would resolve kind=openmeteo_forecast_daily_max x1 due=2026-09-19 -> false | Open-Meteo forecast 2026-09-19 max=30.4C（阈值 >31，机检）
[2026-09-13T02:18:34+08:00]   [dry] would resolve kind=openmeteo_forecast_daily_max x1 due=2026-09-21 -> true | Open-Meteo forecast 2026-09-21 max=35C（阈值 >31，机检）
[2026-09-13T02:18:34+08:00]   [dry] would resolve kind=openmeteo_forecast_daily_max x1 due=2026-09-24 -> false | Open-Meteo forecast 2026-09-24 max=28.3C（阈值 >31，机检）
[2026-09-13T02:18:34+08:00]   [dry] would resolve kind=openmeteo_forecast_daily_max x1 due=2026-09-27 -> false | Open-Meteo forecast 2026-09-27 max=28.2C（阈值 >31，机检）
[2026-09-13T02:18:34+08:00]   [dry] would resolve kind=openmeteo_forecast_daily_max x1 due=2026-09-14 -> true | Open-Meteo forecast 2026-09-14 max=37.4C（阈值 >36，机检）
[2026-09-13T02:18:34+08:00]   [dry] would resolve kind=openmeteo_forecast_daily_max x1 due=2026-09-15 -> true | Open-Meteo forecast 2026-09-15 max=36.8C（阈值 >36，机检）
[2026-09-13T02:18:34+08:00]   [dry] would resolve kind=openmeteo_forecast_daily_max x1 due=2026-09-17 -> true | Open-Meteo forecast 2026-09-17 max=37.6C（阈值 >36，机检）
[2026-09-13T02:18:34+08:00]   [dry] would resolve kind=openmeteo_forecast_daily_max x1 due=2026-09-19 -> false | Open-Meteo forecast 2026-09-19 max=33C（阈值 >36，机检）
[2026-09-13T02:18:34+08:00]   [dry] would resolve kind=openmeteo_forecast_daily_max x1 due=2026-09-21 -> true | Open-Meteo forecast 2026-09-21 max=36.1C（阈值 >36，机检）
[2026-09-13T02:18:34+08:00]   [dry] would resolve kind=openmeteo_forecast_daily_max x1 due=2026-09-24 -> false | Open-Meteo forecast 2026-09-24 max=35.8C（阈值 >36，机检）
[2026-09-13T02:18:34+08:00]   [dry] would resolve kind=openmeteo_forecast_daily_max x1 due=2026-09-27 -> false | Open-Meteo forecast 2026-09-27 max=33.6C（阈值 >36，机检）
[2026-09-13T02:18:34+08:00]   [dry] would resolve kind=openmeteo_forecast_daily_max x1 due=2026-09-14 -> false | Open-Meteo forecast 2026-09-14 max=16C（阈值 >27，机检）
[2026-09-13T02:18:34+08:00]   [dry] would resolve kind=openmeteo_forecast_daily_max x1 due=2026-09-15 -> false | Open-Meteo forecast 2026-09-15 max=18.5C（阈值 >27，机检）
[2026-09-13T02:18:34+08:00]   [dry] would resolve kind=openmeteo_forecast_daily_max x1 due=2026-09-17 -> false | Open-Meteo forecast 2026-09-17 max=20.4C（阈值 >27，机检）
[2026-09-13T02:18:34+08:00]   [dry] would resolve kind=openmeteo_forecast_daily_max x1 due=2026-09-19 -> false | Open-Meteo forecast 2026-09-19 max=23.9C（阈值 >27，机检）
[2026-09-13T02:18:34+08:00]   [dry] would resolve kind=openmeteo_forecast_daily_max x1 due=2026-09-21 -> false | Open-Meteo forecast 2026-09-21 max=24.5C（阈值 >27，机检）
[2026-09-13T02:18:34+08:00]   [dry] would resolve kind=openmeteo_forecast_daily_max x1 due=2026-09-24 -> false | Open-Meteo forecast 2026-09-24 max=21.8C（阈值 >27，机检）
[2026-09-13T02:18:34+08:00]   [dry] would resolve kind=openmeteo_forecast_daily_max x1 due=2026-09-27 -> true | Open-Meteo forecast 2026-09-27 max=28.3C（阈值 >27，机检）
[2026-09-13T02:18:34+08:00]   pending kind=dbnomics_series_value x1 due=2026-11-01 — 2026-10 观测值未发布
[2026-09-13T02:18:34+08:00]   pending kind=dbnomics_series_value x1 due=2026-12-01 — 2026-11 观测值未发布
[2026-09-13T02:18:34+08:00]   pending kind=dbnomics_series_value x1 due=2026-11-01 — 2026-10 观测值未发布
[2026-09-13T02:18:34+08:00]   pending kind=dbnomics_series_value x1 due=2026-12-01 — 2026-11 观测值未发布
[2026-09-13T02:18:34+08:00]   pending kind=dbnomics_series_value x1 due=2026-11-01 — 2026-10 观测值未发布
[2026-09-13T02:18:34+08:00]   pending kind=dbnomics_series_value x1 due=2026-12-01 — 2026-11 观测值未发布
[2026-09-13T02:18:34+08:00]   pending kind=dbnomics_series_value x1 due=2026-11-01 — 2026-10 观测值未发布
[2026-09-13T02:18:34+08:00]   pending kind=dbnomics_series_value x1 due=2026-12-01 — 2026-11 观测值未发布
[2026-09-13T02:18:34+08:00]   pending kind=cwl_ssq_red_contains x1 due=2026-09-13 — 第 2026106 期未开奖
[2026-09-13T02:18:34+08:00]   pending kind=cwl_ssq_red_contains x1 due=2026-09-15 — 第 2026107 期未开奖
[2026-09-13T02:18:34+08:00]   pending kind=cwl_ssq_red_contains x1 due=2026-09-17 — 第 2026108 期未开奖
[2026-09-13T02:18:34+08:00]   pending kind=dbnomics_series_value x1 due=2026-11-01 — 2026-10 观测值未发布
[2026-09-13T02:18:34+08:00]   pending kind=dbnomics_series_value x1 due=2026-12-01 — 2026-11 观测值未发布
[2026-09-13T02:18:34+08:00]   pending kind=dbnomics_series_value x1 due=2026-11-01 — 2026-10 观测值未发布
[2026-09-13T02:18:34+08:00]   pending kind=dbnomics_series_value x1 due=2026-12-01 — 2026-11 观测值未发布
[2026-09-13T02:18:34+08:00]   pending kind=dbnomics_series_value x1 due=2026-11-01 — 2026-10 观测值未发布
[2026-09-13T02:18:34+08:00]   pending kind=dbnomics_series_value x1 due=2026-12-01 — 2026-11 观测值未发布
[2026-09-13T02:18:34+08:00]   pending kind=dbnomics_series_value x1 due=2026-11-01 — 2026-10 观测值未发布
[2026-09-13T02:18:34+08:00]   pending kind=dbnomics_series_value x1 due=2026-12-01 — 2026-11 观测值未发布
[2026-09-13T02:18:34+08:00]   pending kind=dbnomics_series_value x1 due=2026-11-01 — 2026-10 观测值未发布
[2026-09-13T02:18:34+08:00]   pending kind=dbnomics_series_value x1 due=2026-12-01 — 2026-11 观测值未发布
[2026-09-13T02:18:34+08:00]   pending kind=dbnomics_series_value x1 due=2026-11-01 — 2026-10 观测值未发布
[2026-09-13T02:18:34+08:00]   pending kind=dbnomics_series_value x1 due=2026-12-01 — 2026-11 观测值未发布
[2026-09-13T02:18:34+08:00]   pending kind=dbnomics_series_value x1 due=2026-11-01 — 2026-10 观测值未发布
[2026-09-13T02:18:34+08:00]   pending kind=dbnomics_series_value x1 due=2026-12-01 — 2026-11 观测值未发布
[2026-09-13T02:18:34+08:00]   pending kind=dbnomics_series_value x1 due=2026-11-01 — 2026-10 观测值未发布
[2026-09-13T02:18:34+08:00]   pending kind=dbnomics_series_value x1 due=2026-12-01 — 2026-11 观测值未发布
[2026-09-13T02:18:34+08:00]   pending kind=dbnomics_series_value x1 due=2026-11-01 — 2026-10 观测值未发布
[2026-09-13T02:18:34+08:00]   pending kind=dbnomics_series_value x1 due=2026-12-01 — 2026-11 观测值未发布
[2026-09-13T02:18:34+08:00]   pending kind=dbnomics_series_value x1 due=2026-11-01 — 2026-10 观测值未发布
[2026-09-13T02:18:34+08:00]   pending kind=dbnomics_series_value x1 due=2026-12-01 — 2026-11 观测值未发布
[2026-09-13T02:18:34+08:00]   pending kind=dbnomics_series_value x1 due=2026-11-01 — 2026-10 观测值未发布
[2026-09-13T02:18:34+08:00]   pending kind=dbnomics_series_value x1 due=2026-12-01 — 2026-11 观测值未发布
[2026-09-13T02:18:34+08:00]   pending kind=dbnomics_series_value x1 due=2026-11-01 — 2026-10 观测值未发布
[2026-09-13T02:18:34+08:00]   pending kind=dbnomics_series_value x1 due=2026-12-01 — 2026-11 观测值未发布
[2026-09-13T02:18:34+08:00]   pending kind=dbnomics_series_value x1 due=2026-11-01 — 2026-10 观测值未发布
[2026-09-13T02:18:34+08:00]   pending kind=dbnomics_series_value x1 due=2026-12-01 — 2026-11 观测值未发布
[2026-09-13T02:18:34+08:00]   pending kind=dbnomics_series_value x1 due=2026-11-01 — 2026-10 观测值未发布
[2026-09-13T02:18:34+08:00]   pending kind=dbnomics_series_value x1 due=2026-12-01 — 2026-11 观测值未发布
[2026-09-13T02:18:34+08:00]   pending kind=dbnomics_series_value x1 due=2026-11-01 — 2026-10 观测值未发布
[2026-09-13T02:18:34+08:00]   pending kind=dbnomics_series_value x1 due=2026-12-01 — 2026-11 观测值未发布
[2026-09-13T02:18:34+08:00]   pending kind=dbnomics_series_value x1 due=2026-11-01 — 2026-10 观测值未发布
[2026-09-13T02:18:34+08:00]   pending kind=dbnomics_series_value x1 due=2026-12-01 — 2026-11 观测值未发布
[2026-09-13T02:18:34+08:00]   pending kind=dbnomics_series_value x1 due=2026-11-01 — 2026-10 观测值未发布
[2026-09-13T02:18:34+08:00]   pending kind=dbnomics_series_value x1 due=2026-12-01 — 2026-11 观测值未发布
[2026-09-13T02:18:34+08:00]   pending kind=dbnomics_series_value x1 due=2026-11-01 — 2026-10 观测值未发布
[2026-09-13T02:18:34+08:00]   pending kind=dbnomics_series_value x1 due=2026-12-01 — 2026-11 观测值未发布
[2026-09-13T02:18:34+08:00]   pending kind=dbnomics_series_value x1 due=2026-11-01 — 2026-10 观测值未发布
[2026-09-13T02:18:34+08:00]   pending kind=dbnomics_series_value x1 due=2026-12-01 — 2026-11 观测值未发布
[2026-09-13T02:18:34+08:00]   pending kind=dbnomics_series_value x1 due=2026-11-01 — 2026-10 观测值未发布
[2026-09-13T02:18:34+08:00]   pending kind=dbnomics_series_value x1 due=2026-12-01 — 2026-11 观测值未发布
[2026-09-13T02:18:34+08:00]   pending kind=dbnomics_series_value x1 due=2026-11-01 — 2026-10 观测值未发布
[2026-09-13T02:18:34+08:00]   pending kind=dbnomics_series_value x1 due=2026-12-01 — 2026-11 观测值未发布
[2026-09-13T02:18:34+08:00]   pending kind=dbnomics_series_value x1 due=2026-11-01 — 2026-10 观测值未发布
[2026-09-13T02:18:34+08:00]   pending kind=dbnomics_series_value x1 due=2026-12-01 — 2026-11 观测值未发布
[2026-09-13T02:18:34+08:00]   pending kind=dbnomics_series_value x1 due=2026-11-01 — 2026-10 观测值未发布
[2026-09-13T02:18:34+08:00]   pending kind=dbnomics_series_value x1 due=2026-12-01 — 2026-11 观测值未发布
[2026-09-13T02:18:34+08:00]   pending kind=dbnomics_series_value x1 due=2026-11-01 — 2026-10 观测值未发布
[2026-09-13T02:18:34+08:00]   pending kind=dbnomics_series_value x1 due=2026-12-01 — 2026-11 观测值未发布
[2026-09-13T02:18:34+08:00]   pending kind=dbnomics_series_value x1 due=2026-11-01 — 2026-10 观测值未发布
[2026-09-13T02:18:34+08:00]   pending kind=dbnomics_series_value x1 due=2026-12-01 — 2026-11 观测值未发布
[2026-09-13T02:18:34+08:00]   pending kind=dbnomics_series_value x1 due=2026-11-01 — 2026-10 观测值未发布
[2026-09-13T02:18:34+08:00]   pending kind=dbnomics_series_value x1 due=2026-12-01 — 2026-11 观测值未发布
[2026-09-13T02:18:34+08:00]   pending kind=dbnomics_series_value x1 due=2026-11-01 — 2026-10 观测值未发布
[2026-09-13T02:18:34+08:00]   pending kind=dbnomics_series_value x1 due=2026-12-01 — 2026-11 观测值未发布
[2026-09-13T02:18:34+08:00]   pending kind=dbnomics_series_value x1 due=2026-11-01 — 2026-10 观测值未发布
[2026-09-13T02:18:34+08:00]   pending kind=dbnomics_series_value x1 due=2026-12-01 — 2026-11 观测值未发布
[2026-09-13T02:18:34+08:00]   pending kind=dbnomics_series_value x1 due=2026-11-01 — 2026-10 观测值未发布
[2026-09-13T02:18:34+08:00]   pending kind=dbnomics_series_value x1 due=2026-12-01 — 2026-11 观测值未发布
[2026-09-13T02:18:34+08:00]   pending kind=dbnomics_series_value x1 due=2026-11-01 — 2026-10 观测值未发布
[2026-09-13T02:18:34+08:00]   pending kind=dbnomics_series_value x1 due=2026-12-01 — 2026-11 观测值未发布
[2026-09-13T02:18:34+08:00]   pending kind=dbnomics_series_value x1 due=2026-11-01 — 2026-10 观测值未发布
[2026-09-13T02:18:34+08:00]   pending kind=dbnomics_series_value x1 due=2026-12-01 — 2026-11 观测值未发布
[2026-09-13T02:18:34+08:00]   pending kind=dbnomics_series_value x1 due=2026-11-01 — 2026-10 观测值未发布
[2026-09-13T02:18:34+08:00]   pending kind=dbnomics_series_value x1 due=2026-12-01 — 2026-11 观测值未发布
[2026-09-13T02:18:34+08:00]   pending kind=dbnomics_series_value x1 due=2026-11-01 — 2026-10 观测值未发布
[2026-09-13T02:18:34+08:00]   pending kind=dbnomics_series_value x1 due=2026-12-01 — 2026-11 观测值未发布
[2026-09-13T02:18:34+08:00]   pending kind=dbnomics_series_value x1 due=2026-11-01 — 2026-10 观测值未发布
[2026-09-13T02:18:34+08:00]   pending kind=dbnomics_series_value x1 due=2026-12-01 — 2026-11 观测值未发布
[2026-09-13T02:18:34+08:00]   pending kind=dbnomics_series_value x1 due=2026-11-01 — 2026-10 观测值未发布
[2026-09-13T02:18:34+08:00]   pending kind=dbnomics_series_value x1 due=2026-12-01 — 2026-11 观测值未发布
[2026-09-13T02:18:34+08:00]   pending kind=dbnomics_series_value x1 due=2026-11-01 — 2026-10 观测值未发布
[2026-09-13T02:18:34+08:00]   pending kind=dbnomics_series_value x1 due=2026-12-01 — 2026-11 观测值未发布
[2026-09-13T02:18:34+08:00]   pending kind=dbnomics_series_value x1 due=2026-11-01 — 2026-10 观测值未发布
[2026-09-13T02:18:34+08:00]   pending kind=dbnomics_series_value x1 due=2026-12-01 — 2026-11 观测值未发布
[2026-09-13T02:18:34+08:00]   pending kind=dbnomics_series_value x1 due=2026-11-01 — 2026-10 观测值未发布
[2026-09-13T02:18:34+08:00]   pending kind=dbnomics_series_value x1 due=2026-12-01 — 2026-11 观测值未发布
[2026-09-13T02:18:34+08:00]   pending kind=dbnomics_series_value x1 due=2026-11-01 — 2026-10 观测值未发布
[2026-09-13T02:18:34+08:00]   pending kind=dbnomics_series_value x1 due=2026-12-01 — 2026-11 观测值未发布
[2026-09-13T02:18:34+08:00]   pending kind=dbnomics_series_value x1 due=2026-11-01 — 2026-10 观测值未发布
[2026-09-13T02:18:34+08:00]   pending kind=dbnomics_series_value x1 due=2026-12-01 — 2026-11 观测值未发布
[2026-09-13T02:18:34+08:00]   pending kind=cwl_ssq_red_contains x1 due=2026-09-13 — 第 2026106 期未开奖
[2026-09-13T02:18:34+08:00]   pending kind=cwl_ssq_red_contains x1 due=2026-09-15 — 第 2026107 期未开奖
[2026-09-13T02:18:34+08:00]   pending kind=cwl_ssq_red_contains x1 due=2026-09-17 — 第 2026108 期未开奖
[2026-09-13T02:18:34+08:00]   pending kind=cwl_ssq_red_contains x1 due=2026-09-20 — 第 2026109 期未开奖
[2026-09-13T02:18:34+08:00]   pending kind=cwl_ssq_red_contains x1 due=2026-09-22 — 第 2026110 期未开奖
[2026-09-13T02:18:34+08:00]   pending kind=cwl_ssq_red_contains x1 due=2026-09-24 — 第 2026111 期未开奖
[2026-09-13T02:18:34+08:00]   pending kind=cwl_ssq_red_contains x1 due=2026-09-27 — 第 2026112 期未开奖
[2026-09-13T02:18:34+08:00]   pending kind=cwl_ssq_red_contains x1 due=2026-09-29 — 第 2026113 期未开奖
[2026-09-13T02:18:34+08:00]   pending kind=cwl_ssq_red_contains x1 due=2026-10-01 — 第 2026114 期未开奖
[2026-09-13T02:18:34+08:00]   pending kind=cwl_ssq_red_contains x1 due=2026-10-04 — 第 2026115 期未开奖
[2026-09-13T02:18:34+08:00]   pending kind=cwl_ssq_red_contains x1 due=2026-10-06 — 第 2026116 期未开奖
[2026-09-13T02:18:34+08:00]   pending kind=cwl_ssq_red_contains x1 due=2026-10-08 — 第 2026117 期未开奖
[2026-09-13T02:18:34+08:00]   pending kind=cwl_ssq_blue_odd x1 due=2026-09-13 — 第 2026106 期未开奖
[2026-09-13T02:18:34+08:00]   pending kind=cwl_ssq_blue_odd x1 due=2026-09-15 — 第 2026107 期未开奖
[2026-09-13T02:18:34+08:00]   pending kind=cwl_ssq_blue_odd x1 due=2026-09-17 — 第 2026108 期未开奖
[2026-09-13T02:18:34+08:00]   pending kind=cwl_ssq_blue_odd x1 due=2026-09-20 — 第 2026109 期未开奖
[2026-09-13T02:18:34+08:00]   pending kind=cwl_ssq_blue_odd x1 due=2026-09-22 — 第 2026110 期未开奖
[2026-09-13T02:18:34+08:00]   pending kind=cwl_ssq_blue_odd x1 due=2026-09-24 — 第 2026111 期未开奖
[2026-09-13T02:18:34+08:00]   pending kind=cwl_ssq_blue_odd x1 due=2026-09-27 — 第 2026112 期未开奖
[2026-09-13T02:18:34+08:00]   pending kind=cwl_ssq_blue_odd x1 due=2026-09-29 — 第 2026113 期未开奖
[2026-09-13T02:18:34+08:00]   pending kind=cwl_ssq_blue_odd x1 due=2026-10-01 — 第 2026114 期未开奖
[2026-09-13T02:18:34+08:00]   pending kind=cwl_ssq_blue_odd x1 due=2026-10-04 — 第 2026115 期未开奖
[2026-09-13T02:18:34+08:00]   pending kind=cwl_ssq_blue_odd x1 due=2026-10-06 — 第 2026116 期未开奖
[2026-09-13T02:18:34+08:00]   pending kind=cwl_ssq_blue_odd x1 due=2026-10-08 — 第 2026117 期未开奖
[2026-09-13T02:18:34+08:00]   fetch-fail kind=dlt_draw_result x1 — HTTP 567（跳过不写）
[2026-09-13T02:18:34+08:00]   fetch-fail kind=dlt_draw_result x1 — HTTP 567（跳过不写）
[2026-09-13T02:18:34+08:00]   fetch-fail kind=dlt_draw_result x1 — HTTP 567（跳过不写）
[2026-09-13T02:18:34+08:00]   fetch-fail kind=dlt_draw_result x1 — HTTP 567（跳过不写）
[2026-09-13T02:18:34+08:00]   fetch-fail kind=dlt_draw_result x1 — HTTP 567（跳过不写）
[2026-09-13T02:18:34+08:00]   fetch-fail kind=dlt_draw_result x1 — HTTP 567（跳过不写）
[2026-09-13T02:18:34+08:00]   fetch-fail kind=dlt_draw_result x1 — HTTP 567（跳过不写）
[2026-09-13T02:18:34+08:00]   fetch-fail kind=dlt_draw_result x1 — HTTP 567（跳过不写）
[2026-09-13T02:18:34+08:00]   fetch-fail kind=dlt_draw_result x1 — HTTP 567（跳过不写）
[2026-09-13T02:18:34+08:00]   fetch-fail kind=dlt_draw_result x1 — HTTP 567（跳过不写）
[2026-09-13T02:18:34+08:00]   fetch-fail kind=dlt_draw_result x1 — HTTP 567（跳过不写）
[2026-09-13T02:18:34+08:00]   fetch-fail kind=dlt_draw_result x1 — HTTP 567（跳过不写）
[2026-09-13T02:18:34+08:00]   fetch-fail kind=dlt_draw_result x1 — HTTP 567（跳过不写）
[2026-09-13T02:18:34+08:00]   fetch-fail kind=dlt_draw_result x1 — HTTP 567（跳过不写）
[2026-09-13T02:18:34+08:00]   fetch-fail kind=dlt_draw_result x1 — HTTP 567（跳过不写）
[2026-09-13T02:18:34+08:00]   fetch-fail kind=dlt_draw_result x1 — HTTP 567（跳过不写）
[2026-09-13T02:18:34+08:00]   fetch-fail kind=dlt_draw_result x1 — HTTP 567（跳过不写）
[2026-09-13T02:18:34+08:00]   fetch-fail kind=dlt_draw_result x1 — HTTP 567（跳过不写）
[2026-09-13T02:18:34+08:00]   fetch-fail kind=dlt_draw_result x1 — HTTP 567（跳过不写）
[2026-09-13T02:18:34+08:00]   fetch-fail kind=dlt_draw_result x1 — HTTP 567（跳过不写）
[2026-09-13T02:18:34+08:00]   fetch-fail kind=dlt_draw_result x1 — HTTP 567（跳过不写）
[2026-09-13T02:18:34+08:00]   fetch-fail kind=dlt_draw_result x1 — HTTP 567（跳过不写）
[2026-09-13T02:18:34+08:00]   fetch-fail kind=dlt_draw_result x1 — HTTP 567（跳过不写）
[2026-09-13T02:18:34+08:00]   fetch-fail kind=dlt_draw_result x1 — HTTP 567（跳过不写）
[2026-09-13T02:18:34+08:00]   fetch-fail kind=dlt_draw_result x1 — HTTP 567（跳过不写）
[2026-09-13T02:18:34+08:00]   fetch-fail kind=dlt_draw_result x1 — HTTP 567（跳过不写）
[2026-09-13T02:18:34+08:00]   fetch-fail kind=dlt_draw_result x1 — HTTP 567（跳过不写）
[2026-09-13T02:18:34+08:00]   fetch-fail kind=dlt_draw_result x1 — HTTP 567（跳过不写）
[2026-09-13T02:18:34+08:00]   fetch-fail kind=dlt_draw_result x1 — HTTP 567（跳过不写）
[2026-09-13T02:18:34+08:00]   fetch-fail kind=dlt_draw_result x1 — HTTP 567（跳过不写）
[2026-09-13T02:18:34+08:00]   fetch-fail kind=dlt_draw_result x1 — HTTP 567（跳过不写）
[2026-09-13T02:18:34+08:00]   fetch-fail kind=dlt_draw_result x1 — HTTP 567（跳过不写）
[2026-09-13T02:18:34+08:00]   [dry] would resolve kind=openmeteo_air_pm10_daily_mean x1 due=2026-08-04 -> true | Open-Meteo air 2026-08-04 PM10 日均=21.8 μg/m³（阈值 <=32.5，n=24 小时，机检）
[2026-09-13T02:18:34+08:00]   [dry] would resolve kind=openmeteo_air_pm10_daily_mean x1 due=2026-06-25 -> true | Open-Meteo air 2026-06-25 PM10 日均=39.6 μg/m³（阈值 <=51.5，n=24 小时，机检）
[2026-09-13T02:18:34+08:00]   pending(预筛) kind=openmeteo_air_pm10_daily_mean x1 due=2026-09-15 — 空气质量 2026-09-15 小时序列未出齐（需 T+1）
[2026-09-13T02:18:34+08:00]   pending(预筛) kind=openmeteo_air_pm10_daily_mean x1 due=2026-09-16 — 空气质量 2026-09-16 小时序列未出齐（需 T+1）
[2026-09-13T02:18:34+08:00]   [dry] would resolve kind=openmeteo_air_pm10_daily_mean x1 due=2026-08-04 -> false | Open-Meteo air 2026-08-04 PM10 日均=16.7 μg/m³（阈值 <=9，n=24 小时，机检）
[2026-09-13T02:18:34+08:00]   [dry] would resolve kind=openmeteo_air_pm10_daily_mean x1 due=2026-06-25 -> true | Open-Meteo air 2026-06-25 PM10 日均=14.1 μg/m³（阈值 <=16.3，n=24 小时，机检）
[2026-09-13T02:18:34+08:00]   pending(预筛) kind=openmeteo_air_pm10_daily_mean x1 due=2026-09-15 — 空气质量 2026-09-15 小时序列未出齐（需 T+1）
[2026-09-13T02:18:34+08:00]   pending(预筛) kind=openmeteo_air_pm10_daily_mean x1 due=2026-09-16 — 空气质量 2026-09-16 小时序列未出齐（需 T+1）
[2026-09-13T02:18:34+08:00]   [dry] would resolve kind=openmeteo_air_pm10_daily_mean x1 due=2026-08-04 -> false | Open-Meteo air 2026-08-04 PM10 日均=13.6 μg/m³（阈值 <=12.6，n=24 小时，机检）
[2026-09-13T02:18:34+08:00]   [dry] would resolve kind=openmeteo_air_pm10_daily_mean x1 due=2026-06-25 -> false | Open-Meteo air 2026-06-25 PM10 日均=15.5 μg/m³（阈值 <=10.3，n=24 小时，机检）
[2026-09-13T02:18:34+08:00]   pending(预筛) kind=openmeteo_air_pm10_daily_mean x1 due=2026-09-15 — 空气质量 2026-09-15 小时序列未出齐（需 T+1）
[2026-09-13T02:18:34+08:00]   pending(预筛) kind=openmeteo_air_pm10_daily_mean x1 due=2026-09-16 — 空气质量 2026-09-16 小时序列未出齐（需 T+1）
[2026-09-13T02:18:34+08:00]   [dry] would resolve kind=openmeteo_air_pm10_daily_mean x1 due=2026-08-04 -> true | Open-Meteo air 2026-08-04 PM10 日均=44.8 μg/m³（阈值 <=114.7，n=24 小时，机检）
[2026-09-13T02:18:34+08:00]   [dry] would resolve kind=openmeteo_air_pm10_daily_mean x1 due=2026-06-25 -> false | Open-Meteo air 2026-06-25 PM10 日均=249.5 μg/m³（阈值 <=121.6，n=24 小时，机检）
[2026-09-13T02:18:34+08:00]   pending(预筛) kind=openmeteo_air_pm10_daily_mean x1 due=2026-09-15 — 空气质量 2026-09-15 小时序列未出齐（需 T+1）
[2026-09-13T02:18:34+08:00]   pending(预筛) kind=openmeteo_air_pm10_daily_mean x1 due=2026-09-16 — 空气质量 2026-09-16 小时序列未出齐（需 T+1）
[2026-09-13T02:18:34+08:00]   [dry] would resolve kind=openmeteo_air_pm10_daily_mean x1 due=2026-08-04 -> false | Open-Meteo air 2026-08-04 PM10 日均=41.9 μg/m³（阈值 <=14.1，n=24 小时，机检）
[2026-09-13T02:18:34+08:00]   [dry] would resolve kind=openmeteo_air_pm10_daily_mean x1 due=2026-06-25 -> true | Open-Meteo air 2026-06-25 PM10 日均=10 μg/m³（阈值 <=23.3，n=24 小时，机检）
[2026-09-13T02:18:34+08:00]   pending(预筛) kind=openmeteo_air_pm10_daily_mean x1 due=2026-09-15 — 空气质量 2026-09-15 小时序列未出齐（需 T+1）
[2026-09-13T02:18:34+08:00]   pending(预筛) kind=openmeteo_air_pm10_daily_mean x1 due=2026-09-16 — 空气质量 2026-09-16 小时序列未出齐（需 T+1）
[2026-09-13T02:18:34+08:00]   [dry] would resolve kind=binance_daily_close x1 due=2026-08-14 -> false | Binance BTCUSDT 2026-08-14 close=63043.56（阈值 >=96444.74，机检）
[2026-09-13T02:18:34+08:00]   [dry] would resolve kind=binance_daily_close x1 due=2026-02-25 -> false | Binance BTCUSDT 2026-02-25 close=67988.04（阈值 >=89855.99，机检）
[2026-09-13T02:18:34+08:00]   pending(预筛) kind=binance_daily_close x1 due=2026-09-15 — UTC 日 2026-09-15 尚未收盘
[2026-09-13T02:18:34+08:00]   pending(预筛) kind=binance_daily_close x1 due=2026-09-21 — UTC 日 2026-09-21 尚未收盘
[2026-09-13T02:18:34+08:00]   [dry] would resolve kind=binance_daily_close x1 due=2026-08-14 -> false | Binance ETHUSDT 2026-08-14 close=1882.2（阈值 >=2342.8，机检）
[2026-09-13T02:18:34+08:00]   [dry] would resolve kind=binance_daily_close x1 due=2026-02-25 -> false | Binance ETHUSDT 2026-02-25 close=2057.48（阈值 >=2607.41，机检）
[2026-09-13T02:18:34+08:00]   pending(预筛) kind=binance_daily_close x1 due=2026-09-15 — UTC 日 2026-09-15 尚未收盘
[2026-09-13T02:18:34+08:00]   pending(预筛) kind=binance_daily_close x1 due=2026-09-21 — UTC 日 2026-09-21 尚未收盘
[2026-09-13T02:18:34+08:00]   [dry] would resolve kind=binance_daily_close x1 due=2026-08-14 -> false | Binance SOLUSDT 2026-08-14 close=75.4（阈值 >=172.22，机检）
[2026-09-13T02:18:34+08:00]   [dry] would resolve kind=binance_daily_close x1 due=2026-02-25 -> false | Binance SOLUSDT 2026-02-25 close=88.06（阈值 >=146.88，机检）
[2026-09-13T02:18:34+08:00]   pending(预筛) kind=binance_daily_close x1 due=2026-09-15 — UTC 日 2026-09-15 尚未收盘
[2026-09-13T02:18:34+08:00]   pending(预筛) kind=binance_daily_close x1 due=2026-09-21 — UTC 日 2026-09-21 尚未收盘
[2026-09-13T02:18:34+08:00]   [dry] would resolve kind=wikimedia_pageviews x1 due=2026-09-08 -> false | Wikimedia Bitcoin 2026-09-08 views=4995（阈值 >=6981，机检）
[2026-09-13T02:18:34+08:00]   [dry] would resolve kind=wikimedia_pageviews x1 due=2026-08-14 -> false | Wikimedia Bitcoin 2026-08-14 views=4531（阈值 >=7599，机检）
[2026-09-13T02:18:34+08:00]   [dry] would resolve kind=wikimedia_pageviews x1 due=2026-07-15 -> false | Wikimedia Bitcoin 2026-07-15 views=4395（阈值 >=6779，机检）
[2026-09-13T02:18:34+08:00]   pending(预筛) kind=wikimedia_pageviews x1 due=2026-09-16 — Wikimedia 2026-09-16 数据 T+1 才发布
[2026-09-13T02:18:34+08:00]   pending(预筛) kind=wikimedia_pageviews x1 due=2026-09-23 — Wikimedia 2026-09-23 数据 T+1 才发布
[2026-09-13T02:18:34+08:00]   [dry] would resolve kind=wikimedia_pageviews x1 due=2026-09-08 -> true | Wikimedia Artificial_intelligence 2026-09-08 views=30755（阈值 >=28628，机检）
[2026-09-13T02:18:34+08:00]   [dry] would resolve kind=wikimedia_pageviews x1 due=2026-08-14 -> true | Wikimedia Artificial_intelligence 2026-08-14 views=29538（阈值 >=22184，机检）
[2026-09-13T02:18:34+08:00]   [dry] would resolve kind=wikimedia_pageviews x1 due=2026-07-15 -> false | Wikimedia Artificial_intelligence 2026-07-15 views=21071（阈值 >=29214，机检）
[2026-09-13T02:18:34+08:00]   pending(预筛) kind=wikimedia_pageviews x1 due=2026-09-16 — Wikimedia 2026-09-16 数据 T+1 才发布
[2026-09-13T02:18:34+08:00]   pending(预筛) kind=wikimedia_pageviews x1 due=2026-09-23 — Wikimedia 2026-09-23 数据 T+1 才发布
[2026-09-13T02:18:34+08:00]   [dry] would resolve kind=wikimedia_pageviews x1 due=2026-09-08 -> false | Wikimedia ChatGPT 2026-09-08 views=55921（阈值 >=114470，机检）
[2026-09-13T02:18:34+08:00]   [dry] would resolve kind=wikimedia_pageviews x1 due=2026-08-14 -> false | Wikimedia ChatGPT 2026-08-14 views=47596（阈值 >=123614，机检）
[2026-09-13T02:18:34+08:00]   [dry] would resolve kind=wikimedia_pageviews x1 due=2026-07-15 -> false | Wikimedia ChatGPT 2026-07-15 views=120564（阈值 >=123738，机检）
[2026-09-13T02:18:34+08:00]   pending(预筛) kind=wikimedia_pageviews x1 due=2026-09-16 — Wikimedia 2026-09-16 数据 T+1 才发布
[2026-09-13T02:18:34+08:00]   pending(预筛) kind=wikimedia_pageviews x1 due=2026-09-23 — Wikimedia 2026-09-23 数据 T+1 才发布
[2026-09-13T02:18:34+08:00]   [dry] would resolve kind=wikimedia_pageviews x1 due=2026-09-08 -> false | Wikimedia Taylor_Swift 2026-09-08 views=13698（阈值 >=19345，机检）
[2026-09-13T02:18:34+08:00]   [dry] would resolve kind=wikimedia_pageviews x1 due=2026-08-14 -> false | Wikimedia Taylor_Swift 2026-08-14 views=14985（阈值 >=29318，机检）
[2026-09-13T02:18:34+08:00]   [dry] would resolve kind=wikimedia_pageviews x1 due=2026-07-15 -> false | Wikimedia Taylor_Swift 2026-07-15 views=19881（阈值 >=31136，机检）
[2026-09-13T02:18:34+08:00]   pending(预筛) kind=wikimedia_pageviews x1 due=2026-09-16 — Wikimedia 2026-09-16 数据 T+1 才发布
[2026-09-13T02:18:34+08:00]   pending(预筛) kind=wikimedia_pageviews x1 due=2026-09-23 — Wikimedia 2026-09-23 数据 T+1 才发布
[2026-09-13T02:18:34+08:00]   [dry] would resolve kind=wikimedia_pageviews x1 due=2026-09-08 -> false | Wikimedia Ethereum 2026-09-08 views=1282（阈值 >=1331，机检）
[2026-09-13T02:18:34+08:00]   [dry] would resolve kind=wikimedia_pageviews x1 due=2026-08-14 -> true | Wikimedia Ethereum 2026-08-14 views=1641（阈值 >=1592，机检）
[2026-09-13T02:18:34+08:00]   [dry] would resolve kind=wikimedia_pageviews x1 due=2026-07-15 -> false | Wikimedia Ethereum 2026-07-15 views=1479（阈值 >=1983，机检）
[2026-09-13T02:18:34+08:00]   pending(预筛) kind=wikimedia_pageviews x1 due=2026-09-16 — Wikimedia 2026-09-16 数据 T+1 才发布
[2026-09-13T02:18:34+08:00]   pending(预筛) kind=wikimedia_pageviews x1 due=2026-09-23 — Wikimedia 2026-09-23 数据 T+1 才发布
[2026-09-13T02:18:34+08:00]   [dry] would resolve kind=github_weekly_commits x1 due=2026-09-06 -> true | GitHub nodejs/node 周 2026-08-30~2026-09-05 提交数=121（阈值 >=61，机检）
[2026-09-13T02:18:34+08:00]   [dry] would resolve kind=github_weekly_commits x1 due=2026-08-30 -> true | GitHub nodejs/node 周 2026-08-23~2026-08-29 提交数=127（阈值 >=61，机检）
[2026-09-13T02:18:34+08:00]   pending(预筛) kind=github_weekly_commits x1 due=2026-09-27 — GitHub 周 2026-09-20~2026-09-26 尚未结束（stats 亦需 T+1）
[2026-09-13T02:18:34+08:00]   [dry] would resolve kind=github_weekly_commits x1 due=2026-09-06 -> true | GitHub microsoft/vscode 周 2026-08-30~2026-09-05 提交数=674（阈值 >=621，机检）
[2026-09-13T02:18:34+08:00]   [dry] would resolve kind=github_weekly_commits x1 due=2026-08-30 -> true | GitHub microsoft/vscode 周 2026-08-23~2026-08-29 提交数=686（阈值 >=683，机检）
[2026-09-13T02:18:34+08:00]   pending(预筛) kind=github_weekly_commits x1 due=2026-09-27 — GitHub 周 2026-09-20~2026-09-26 尚未结束（stats 亦需 T+1）
[2026-09-13T02:18:34+08:00]   [dry] would resolve kind=github_weekly_commits x1 due=2026-09-06 -> true | GitHub facebook/react 周 2026-08-30~2026-09-05 提交数=23（阈值 >=15，机检）
[2026-09-13T02:18:34+08:00]   [dry] would resolve kind=github_weekly_commits x1 due=2026-08-30 -> true | GitHub facebook/react 周 2026-08-23~2026-08-29 提交数=25（阈值 >=9，机检）
[2026-09-13T02:18:34+08:00]   pending(预筛) kind=github_weekly_commits x1 due=2026-09-27 — GitHub 周 2026-09-20~2026-09-26 尚未结束（stats 亦需 T+1）
[2026-09-13T02:18:34+08:00]   pending(预筛) kind=frankfurter_rate_range x1 due=2026-09-16 — ECB 发布窗口 2026-09-16~2026-09-23 尚未走完（接口对未来区间 404）
[2026-09-13T02:18:34+08:00]   pending(预筛) kind=frankfurter_rate_range x1 due=2026-09-23 — ECB 发布窗口 2026-09-23~2026-09-30 尚未走完（接口对未来区间 404）
[2026-09-13T02:18:34+08:00]   [dry] would resolve kind=frankfurter_rate x1 due=2026-08-14 -> false | Frankfurter ECB USD/CNY 2026-08-14=6.7413（阈值 >=6.939，机检）
[2026-09-13T02:18:34+08:00]   [dry] would resolve kind=frankfurter_rate x1 due=2026-05-15 -> false | Frankfurter ECB USD/CNY 2026-05-15=6.8106（阈值 >=7.1143，机检）
[2026-09-13T02:18:34+08:00]   pending(预筛) kind=frankfurter_rate_range x1 due=2026-09-16 — ECB 发布窗口 2026-09-16~2026-09-23 尚未走完（接口对未来区间 404）
[2026-09-13T02:18:34+08:00]   pending(预筛) kind=frankfurter_rate_range x1 due=2026-09-23 — ECB 发布窗口 2026-09-23~2026-09-30 尚未走完（接口对未来区间 404）
[2026-09-13T02:18:34+08:00]   [dry] would resolve kind=frankfurter_rate x1 due=2026-08-14 -> true | Frankfurter ECB USD/JPY 2026-08-14=159.01（阈值 >=155.37，机检）
[2026-09-13T02:18:34+08:00]   [dry] would resolve kind=frankfurter_rate x1 due=2026-05-15 -> true | Frankfurter ECB USD/JPY 2026-05-15=158.55（阈值 >=148.77，机检）
[2026-09-13T02:18:34+08:00]   pending(预筛) kind=frankfurter_rate_range x1 due=2026-09-16 — ECB 发布窗口 2026-09-16~2026-09-23 尚未走完（接口对未来区间 404）
[2026-09-13T02:18:34+08:00]   pending(预筛) kind=frankfurter_rate_range x1 due=2026-09-23 — ECB 发布窗口 2026-09-23~2026-09-30 尚未走完（接口对未来区间 404）
[2026-09-13T02:18:34+08:00]   [dry] would resolve kind=frankfurter_rate x1 due=2026-08-14 -> false | Frankfurter ECB USD/EUR 2026-08-14=0.86453（阈值 >=0.866，机检）
[2026-09-13T02:18:34+08:00]   [dry] would resolve kind=frankfurter_rate x1 due=2026-05-15 -> true | Frankfurter ECB USD/EUR 2026-05-15=0.85999（阈值 >=0.8581，机检）
[2026-09-13T02:18:34+08:00]   pending(预筛) kind=npm_downloads_window x1 due=2026-09-23 — npm react 窗口 2026-09-16~2026-09-22 未走完（接口对未来区间 400）
[2026-09-13T02:18:34+08:00]   pending(预筛) kind=npm_downloads_window x1 due=2026-09-30 — npm react 窗口 2026-09-23~2026-09-29 未走完（接口对未来区间 400）
[2026-09-13T02:18:34+08:00]   [dry] would resolve kind=npm_downloads_window x1 due=2026-08-15 -> false | npm react 2026-08-08~2026-08-14 下载量=114596558（阈值 >=131023645，7 日满窗，机检）
[2026-09-13T02:18:34+08:00]   pending(预筛) kind=npm_downloads_window x1 due=2026-09-23 — npm typescript 窗口 2026-09-16~2026-09-22 未走完（接口对未来区间 400）
[2026-09-13T02:18:34+08:00]   pending(预筛) kind=npm_downloads_window x1 due=2026-09-30 — npm typescript 窗口 2026-09-23~2026-09-29 未走完（接口对未来区间 400）
[2026-09-13T02:18:34+08:00]   [dry] would resolve kind=npm_downloads_window x1 due=2026-08-15 -> false | npm typescript 2026-08-08~2026-08-14 下载量=178971998（阈值 >=184568120，7 日满窗，机检）
[2026-09-13T02:18:34+08:00]   pending(预筛) kind=npm_downloads_window x1 due=2026-09-23 — npm vite 窗口 2026-09-16~2026-09-22 未走完（接口对未来区间 400）
[2026-09-13T02:18:34+08:00]   pending(预筛) kind=npm_downloads_window x1 due=2026-09-30 — npm vite 窗口 2026-09-23~2026-09-29 未走完（接口对未来区间 400）
[2026-09-13T02:18:34+08:00]   [dry] would resolve kind=npm_downloads_window x1 due=2026-08-15 -> true | npm vite 2026-08-08~2026-08-14 下载量=142403653（阈值 >=120319176，7 日满窗，机检）
[2026-09-13T02:18:34+08:00]   [dry] would resolve kind=dbnomics_bis_monthly_mean x1 due=2024-06-01 -> true | DBnomics BIS D.N.B.US 2024-05 月均值=105.228（阈值 >=96.27，n=23 日值，非数字观测已剔除，机检）
[2026-09-13T02:18:34+08:00]   [dry] would resolve kind=dbnomics_bis_monthly_mean x1 due=2023-07-01 -> true | DBnomics BIS D.N.B.US 2023-06 月均值=103.068（阈值 >=93.442，n=22 日值，非数字观测已剔除，机检）
[2026-09-13T02:18:34+08:00]   pending(预筛) kind=dbnomics_bis_monthly_mean x1 due=2026-11-01 — BIS 2026-10 月值未发布（BIS 滞后约 1 个月，实测最新 2025-07）
[2026-09-13T02:18:34+08:00]   pending(预筛) kind=dbnomics_bis_monthly_mean x1 due=2026-12-01 — BIS 2026-11 月值未发布（BIS 滞后约 1 个月，实测最新 2025-07）
[2026-09-13T02:18:34+08:00]   [dry] would resolve kind=dbnomics_bis_monthly_mean x1 due=2024-06-01 -> true | DBnomics BIS D.N.B.CN 2024-05 月均值=106.38（阈值 >=98.881，n=23 日值，非数字观测已剔除，机检）
[2026-09-13T02:18:34+08:00]   [dry] would resolve kind=dbnomics_bis_monthly_mean x1 due=2023-07-01 -> true | DBnomics BIS D.N.B.CN 2023-06 月均值=103.959（阈值 >=82.647，n=22 日值，非数字观测已剔除，机检）
[2026-09-13T02:18:34+08:00]   pending(预筛) kind=dbnomics_bis_monthly_mean x1 due=2026-11-01 — BIS 2026-10 月值未发布（BIS 滞后约 1 个月，实测最新 2025-07）
[2026-09-13T02:18:34+08:00]   pending(预筛) kind=dbnomics_bis_monthly_mean x1 due=2026-12-01 — BIS 2026-11 月值未发布（BIS 滞后约 1 个月，实测最新 2025-07）
[2026-09-13T02:18:34+08:00]   [dry] would resolve kind=dbnomics_bis_monthly_mean x1 due=2024-06-01 -> false | DBnomics BIS D.N.B.JP 2024-05 月均值=72.684（阈值 >=95.32，n=23 日值，非数字观测已剔除，机检）
[2026-09-13T02:18:34+08:00]   [dry] would resolve kind=dbnomics_bis_monthly_mean x1 due=2023-07-01 -> false | DBnomics BIS D.N.B.JP 2023-06 月均值=78.847（阈值 >=92.04，n=22 日值，非数字观测已剔除，机检）
[2026-09-13T02:18:34+08:00]   pending(预筛) kind=dbnomics_bis_monthly_mean x1 due=2026-11-01 — BIS 2026-10 月值未发布（BIS 滞后约 1 个月，实测最新 2025-07）
[2026-09-13T02:18:34+08:00]   pending(预筛) kind=dbnomics_bis_monthly_mean x1 due=2026-12-01 — BIS 2026-11 月值未发布（BIS 滞后约 1 个月，实测最新 2025-07）
[2026-09-13T02:18:34+08:00]   pending(预筛) kind=openmeteo_air_pm10_daily_mean x1 due=2026-10-01 — 空气质量 2026-10-01 小时序列未出齐（需 T+1）
[2026-09-13T02:18:34+08:00]   pending(预筛) kind=openmeteo_air_pm10_daily_mean x1 due=2026-10-15 — 空气质量 2026-10-15 小时序列未出齐（需 T+1）
[2026-09-13T02:18:34+08:00]   pending(预筛) kind=openmeteo_air_pm10_daily_mean x1 due=2026-10-30 — 空气质量 2026-10-30 小时序列未出齐（需 T+1）
[2026-09-13T02:18:34+08:00]   pending(预筛) kind=openmeteo_air_pm10_daily_mean x1 due=2026-10-01 — 空气质量 2026-10-01 小时序列未出齐（需 T+1）
[2026-09-13T02:18:34+08:00]   pending(预筛) kind=openmeteo_air_pm10_daily_mean x1 due=2026-10-15 — 空气质量 2026-10-15 小时序列未出齐（需 T+1）
[2026-09-13T02:18:34+08:00]   pending(预筛) kind=openmeteo_air_pm10_daily_mean x1 due=2026-10-30 — 空气质量 2026-10-30 小时序列未出齐（需 T+1）
[2026-09-13T02:18:34+08:00]   pending(预筛) kind=openmeteo_air_pm10_daily_mean x1 due=2026-10-01 — 空气质量 2026-10-01 小时序列未出齐（需 T+1）
[2026-09-13T02:18:34+08:00]   pending(预筛) kind=openmeteo_air_pm10_daily_mean x1 due=2026-10-15 — 空气质量 2026-10-15 小时序列未出齐（需 T+1）
[2026-09-13T02:18:34+08:00]   pending(预筛) kind=openmeteo_air_pm10_daily_mean x1 due=2026-10-30 — 空气质量 2026-10-30 小时序列未出齐（需 T+1）
[2026-09-13T02:18:34+08:00]   pending(预筛) kind=openmeteo_air_pm10_daily_mean x1 due=2026-10-01 — 空气质量 2026-10-01 小时序列未出齐（需 T+1）
[2026-09-13T02:18:34+08:00]   pending(预筛) kind=openmeteo_air_pm10_daily_mean x1 due=2026-10-15 — 空气质量 2026-10-15 小时序列未出齐（需 T+1）
[2026-09-13T02:18:34+08:00]   pending(预筛) kind=openmeteo_air_pm10_daily_mean x1 due=2026-10-30 — 空气质量 2026-10-30 小时序列未出齐（需 T+1）
[2026-09-13T02:18:34+08:00]   pending(预筛) kind=openmeteo_air_pm10_daily_mean x1 due=2026-10-01 — 空气质量 2026-10-01 小时序列未出齐（需 T+1）
[2026-09-13T02:18:34+08:00]   pending(预筛) kind=openmeteo_air_pm10_daily_mean x1 due=2026-10-15 — 空气质量 2026-10-15 小时序列未出齐（需 T+1）
[2026-09-13T02:18:34+08:00]   pending(预筛) kind=openmeteo_air_pm10_daily_mean x1 due=2026-10-30 — 空气质量 2026-10-30 小时序列未出齐（需 T+1）
[2026-09-13T02:18:34+08:00]   pending(预筛) kind=binance_daily_close x1 due=2026-10-01 — UTC 日 2026-10-01 尚未收盘
[2026-09-13T02:18:34+08:00]   pending(预筛) kind=binance_daily_close x1 due=2026-10-15 — UTC 日 2026-10-15 尚未收盘
[2026-09-13T02:18:34+08:00]   pending(预筛) kind=binance_daily_close x1 due=2026-10-30 — UTC 日 2026-10-30 尚未收盘
[2026-09-13T02:18:34+08:00]   pending(预筛) kind=binance_daily_close x1 due=2026-10-01 — UTC 日 2026-10-01 尚未收盘
[2026-09-13T02:18:34+08:00]   pending(预筛) kind=binance_daily_close x1 due=2026-10-15 — UTC 日 2026-10-15 尚未收盘
[2026-09-13T02:18:34+08:00]   pending(预筛) kind=binance_daily_close x1 due=2026-10-30 — UTC 日 2026-10-30 尚未收盘
[2026-09-13T02:18:34+08:00]   pending(预筛) kind=binance_daily_close x1 due=2026-10-01 — UTC 日 2026-10-01 尚未收盘
[2026-09-13T02:18:34+08:00]   pending(预筛) kind=binance_daily_close x1 due=2026-10-15 — UTC 日 2026-10-15 尚未收盘
[2026-09-13T02:18:34+08:00]   pending(预筛) kind=binance_daily_close x1 due=2026-10-30 — UTC 日 2026-10-30 尚未收盘
[2026-09-13T02:18:34+08:00]   pending(预筛) kind=npm_downloads_window x1 due=2026-10-02 — npm react 窗口 2026-09-25~2026-10-01 未走完（接口对未来区间 400）
[2026-09-13T02:18:34+08:00]   pending(预筛) kind=npm_downloads_window x1 due=2026-10-16 — npm react 窗口 2026-10-09~2026-10-15 未走完（接口对未来区间 400）
[2026-09-13T02:18:34+08:00]   pending(预筛) kind=npm_downloads_window x1 due=2026-10-31 — npm react 窗口 2026-10-24~2026-10-30 未走完（接口对未来区间 400）
[2026-09-13T02:18:34+08:00]   pending(预筛) kind=npm_downloads_window x1 due=2026-10-02 — npm typescript 窗口 2026-09-25~2026-10-01 未走完（接口对未来区间 400）
[2026-09-13T02:18:34+08:00]   pending(预筛) kind=npm_downloads_window x1 due=2026-10-16 — npm typescript 窗口 2026-10-09~2026-10-15 未走完（接口对未来区间 400）
[2026-09-13T02:18:34+08:00]   pending(预筛) kind=npm_downloads_window x1 due=2026-10-31 — npm typescript 窗口 2026-10-24~2026-10-30 未走完（接口对未来区间 400）
[2026-09-13T02:18:34+08:00]   pending(预筛) kind=npm_downloads_window x1 due=2026-10-02 — npm vite 窗口 2026-09-25~2026-10-01 未走完（接口对未来区间 400）
[2026-09-13T02:18:34+08:00]   pending(预筛) kind=npm_downloads_window x1 due=2026-10-16 — npm vite 窗口 2026-10-09~2026-10-15 未走完（接口对未来区间 400）
[2026-09-13T02:18:34+08:00]   pending(预筛) kind=npm_downloads_window x1 due=2026-10-31 — npm vite 窗口 2026-10-24~2026-10-30 未走完（接口对未来区间 400）
[2026-09-13T02:18:34+08:00]   pending(预筛) kind=wikimedia_pageviews x1 due=2026-10-01 — Wikimedia 2026-10-01 数据 T+1 才发布
[2026-09-13T02:18:34+08:00]   pending(预筛) kind=wikimedia_pageviews x1 due=2026-10-30 — Wikimedia 2026-10-30 数据 T+1 才发布
[2026-09-13T02:18:34+08:00]   pending(预筛) kind=wikimedia_pageviews x1 due=2026-10-01 — Wikimedia 2026-10-01 数据 T+1 才发布
[2026-09-13T02:18:34+08:00]   pending(预筛) kind=wikimedia_pageviews x1 due=2026-10-30 — Wikimedia 2026-10-30 数据 T+1 才发布
[2026-09-13T02:18:34+08:00]   pending(预筛) kind=wikimedia_pageviews x1 due=2026-10-01 — Wikimedia 2026-10-01 数据 T+1 才发布
[2026-09-13T02:18:34+08:00]   pending(预筛) kind=wikimedia_pageviews x1 due=2026-10-30 — Wikimedia 2026-10-30 数据 T+1 才发布
[2026-09-13T02:18:34+08:00]   pending(预筛) kind=wikimedia_pageviews x1 due=2026-10-01 — Wikimedia 2026-10-01 数据 T+1 才发布
[2026-09-13T02:18:34+08:00]   pending(预筛) kind=wikimedia_pageviews x1 due=2026-10-30 — Wikimedia 2026-10-30 数据 T+1 才发布
[2026-09-13T02:18:34+08:00]   pending(预筛) kind=wikimedia_pageviews x1 due=2026-10-01 — Wikimedia 2026-10-01 数据 T+1 才发布
[2026-09-13T02:18:34+08:00]   pending(预筛) kind=wikimedia_pageviews x1 due=2026-10-30 — Wikimedia 2026-10-30 数据 T+1 才发布
[2026-09-13T02:18:34+08:00]   pending(预筛) kind=github_weekly_commits x1 due=2026-10-11 — GitHub 周 2026-10-04~2026-10-10 尚未结束（stats 亦需 T+1）
[2026-09-13T02:18:34+08:00]   pending(预筛) kind=github_weekly_commits x1 due=2026-10-18 — GitHub 周 2026-10-11~2026-10-17 尚未结束（stats 亦需 T+1）
[2026-09-13T02:18:34+08:00]   pending(预筛) kind=github_weekly_commits x1 due=2026-10-11 — GitHub 周 2026-10-04~2026-10-10 尚未结束（stats 亦需 T+1）
[2026-09-13T02:18:34+08:00]   pending(预筛) kind=github_weekly_commits x1 due=2026-10-18 — GitHub 周 2026-10-11~2026-10-17 尚未结束（stats 亦需 T+1）
[2026-09-13T02:18:34+08:00]   pending(预筛) kind=github_weekly_commits x1 due=2026-10-11 — GitHub 周 2026-10-04~2026-10-10 尚未结束（stats 亦需 T+1）
[2026-09-13T02:18:34+08:00]   pending(预筛) kind=github_weekly_commits x1 due=2026-10-18 — GitHub 周 2026-10-11~2026-10-17 尚未结束（stats 亦需 T+1）
[2026-09-13T02:18:34+08:00]   pending kind=cwl_ssq_red_contains x1 due=2026-10-11 — 第 2026118 期未开奖
[2026-09-13T02:18:34+08:00]   pending kind=cwl_ssq_red_contains x1 due=2026-10-13 — 第 2026119 期未开奖
[2026-09-13T02:18:34+08:00]   pending kind=cwl_ssq_red_contains x1 due=2026-10-15 — 第 2026120 期未开奖
[2026-09-13T02:18:34+08:00]   pending kind=cwl_ssq_red_contains x1 due=2026-10-18 — 第 2026121 期未开奖
[2026-09-13T02:18:34+08:00]   pending kind=cwl_ssq_red_contains x1 due=2026-10-20 — 第 2026122 期未开奖
[2026-09-13T02:18:34+08:00]   pending kind=cwl_ssq_red_contains x1 due=2026-10-22 — 第 2026123 期未开奖
[2026-09-13T02:18:34+08:00]   pending kind=cwl_ssq_red_contains x1 due=2026-10-25 — 第 2026124 期未开奖
[2026-09-13T02:18:34+08:00]   pending kind=cwl_ssq_blue_odd x1 due=2026-10-11 — 第 2026118 期未开奖
[2026-09-13T02:18:34+08:00]   pending kind=cwl_ssq_blue_odd x1 due=2026-10-13 — 第 2026119 期未开奖
[2026-09-13T02:18:34+08:00]   pending kind=cwl_ssq_blue_odd x1 due=2026-10-15 — 第 2026120 期未开奖
[2026-09-13T02:18:34+08:00]   pending kind=cwl_ssq_blue_odd x1 due=2026-10-18 — 第 2026121 期未开奖
[2026-09-13T02:18:34+08:00]   pending kind=cwl_ssq_blue_odd x1 due=2026-10-20 — 第 2026122 期未开奖
[2026-09-13T02:18:34+08:00]   pending kind=cwl_ssq_blue_odd x1 due=2026-10-22 — 第 2026123 期未开奖
[2026-09-13T02:18:34+08:00]   pending kind=cwl_ssq_blue_odd x1 due=2026-10-25 — 第 2026124 期未开奖
[2026-09-13T02:18:34+08:00]   fetch-fail kind=dlt_draw_result x1 — HTTP 567（跳过不写）
[2026-09-13T02:18:34+08:00]   fetch-fail kind=dlt_draw_result x1 — HTTP 567（跳过不写）
[2026-09-13T02:18:34+08:00]   fetch-fail kind=dlt_draw_result x1 — HTTP 567（跳过不写）
[2026-09-13T02:18:34+08:00]   fetch-fail kind=dlt_draw_result x1 — HTTP 567（跳过不写）
[2026-09-13T02:18:34+08:00]   fetch-fail kind=dlt_draw_result x1 — HTTP 567（跳过不写）
[2026-09-13T02:18:34+08:00]   fetch-fail kind=dlt_draw_result x1 — HTTP 567（跳过不写）
[2026-09-13T02:18:34+08:00] round#1 用时 257.5s | 未解总数=438 到期选中=435 唯一真值请求=435（台账重复合并 0） | resolved=0 pending=248（含预筛 96） fail=38 refused=0／同结论并发=0 口径护栏=3 unsupported=0 未到期跳过=0 无法定到期=0 wouldWrite=149 实打网=238
[2026-09-13T02:18:34+08:00]   取数失败明细 {"fetch-fail:dlt_draw_result:HTTP 567":38}
[2026-09-13T15:56:48+08:00] === corpus-resolve-daemon start | mode=once interval=60min due-only=true confirm=false（DRY-RUN，不写库）
[2026-09-13T15:56:48+08:00] 复用 corpus-resolve RESOLVERS 成功：inline-extract(59 kinds)
[2026-09-13T15:56:53+08:00] WARN dlt 日历刷新失败（沿用内置锚 26104@2026-09-12）: HTTP 567
[2026-09-13T15:56:53+08:00] 日历锚刷新：ssq 2026105@2026-09-10 | dlt 26104@2026-09-12
[2026-09-13T15:56:53+08:00] 参数安全门：跳过 1 条口径不符题（不写脏账）— cwl_ssq_red_contains 缺合法 ball（实测=null） @id732
[2026-09-13T15:57:14+08:00]   pending kind=cwl_ssq_red_contains x1 due=2026-09-13 — 第 2026106 期未开奖
[2026-09-13T15:57:14+08:00]   pending kind=cwl_ssq_blue_odd x1 due=2026-09-13 — 第 2026106 期未开奖
[2026-09-13T15:57:14+08:00]   pending kind=cwl_ssq_red_contains x1 due=2026-09-13 — 第 2026106 期未开奖
[2026-09-13T15:57:14+08:00]   pending kind=cwl_ssq_red_contains x1 due=2026-09-13 — 第 2026106 期未开奖
[2026-09-13T15:57:14+08:00]   pending kind=cwl_ssq_blue_odd x1 due=2026-09-13 — 第 2026106 期未开奖
[2026-09-13T15:57:14+08:00]   fetch-fail kind=github_weekly_commits x1 — HTTP 403（跳过不写）
[2026-09-13T15:57:14+08:00]   fetch-fail kind=github_weekly_commits x1 — HTTP 403（跳过不写）
[2026-09-13T15:57:14+08:00]   fetch-fail kind=github_weekly_commits x1 — HTTP 403（跳过不写）
[2026-09-13T15:57:14+08:00]   fetch-fail kind=github_weekly_commits x1 — HTTP 403（跳过不写）
[2026-09-13T15:57:14+08:00]   fetch-fail kind=github_weekly_commits x1 — HTTP 403（跳过不写）
[2026-09-13T15:57:14+08:00]   fetch-fail kind=github_weekly_commits x1 — HTTP 403（跳过不写）
[2026-09-13T15:57:14+08:00]   [dry] would resolve kind=energycharts_daily_mean x1 due=2026-06-25 -> true | Energy-Charts es Solar 2026-06-25 均值=11452.3182MW（88 点）（阈值 >= 6833，机检）
[2026-09-13T15:57:14+08:00]   [dry] would resolve kind=energycharts_daily_mean x1 due=2026-06-25 -> true | Energy-Charts it Hydro Run-of-River 2026-06-25 均值=3330.8409MW（88 点）（阈值 >= 3077，机检）
[2026-09-13T15:57:14+08:00]   [dry] would resolve kind=energycharts_daily_mean x1 due=2026-06-25 -> false | Energy-Charts it Wind onshore 2026-06-25 均值=821.5114MW（88 点）（阈值 >= 1579，机检）
[2026-09-13T15:57:14+08:00]   pending kind=energycharts_daily_mean x1 due=2026-06-25 — Energy-Charts 2026-06-25 仅 22 点（<80，未满当日）
[2026-09-13T15:57:14+08:00]   pending kind=energycharts_daily_mean x1 due=2026-06-25 — Energy-Charts 2026-06-25 仅 22 点（<80，未满当日）
[2026-09-13T15:57:14+08:00]   pending kind=energycharts_daily_mean x1 due=2026-06-25 — Energy-Charts 2026-06-25 仅 22 点（<80，未满当日）
[2026-09-13T15:57:14+08:00]   pending kind=energycharts_daily_mean x1 due=2026-06-25 — Energy-Charts 2026-06-25 仅 22 点（<80，未满当日）
[2026-09-13T15:57:14+08:00]   pending kind=energycharts_daily_mean x1 due=2026-06-25 — Energy-Charts 2026-06-25 仅 22 点（<80，未满当日）
[2026-09-13T15:57:14+08:00] round#1 用时 21.2s | 未解总数=685 到期选中=19 唯一真值请求=19（台账重复合并 0） | resolved=0 pending=10（含预筛 0） fail=6 refused=0／同结论并发=0 口径护栏=1 unsupported=0 未到期跳过=638 无法定到期=27 wouldWrite=3 实打网=10
[2026-09-13T15:57:14+08:00]   取数失败明细 {"fetch-fail:github_weekly_commits:HTTP 403":6}
[2026-09-14T13:31:39+08:00] === corpus-resolve-daemon start | mode=once interval=60min due-only=true confirm=false（DRY-RUN，不写库）
[2026-09-14T13:31:39+08:00] 复用 corpus-resolve RESOLVERS 成功：inline-extract(59 kinds)
[2026-09-14T13:31:44+08:00] WARN dlt 日历刷新失败（沿用内置锚 26104@2026-09-12）: HTTP 567
[2026-09-14T13:31:44+08:00] 日历锚刷新：ssq 2026106@2026-09-13 | dlt 26104@2026-09-12
[2026-09-14T13:32:18+08:00] 二遍补打 5 组（首遍网络失败，缓 8s 后重试一次）
[2026-09-14T13:32:47+08:00]   [dry] would resolve kind=openmeteo_daily_max x1 due=2026-09-14 -> false | Open-Meteo archive 2026-09-14 max=30.7C（阈值 35C，机检）
[2026-09-14T13:32:47+08:00]   [dry] would resolve kind=cwl_ssq_red_contains x1 due=2026-09-13 -> false | cwl 官方 2026106 期 red=06,11,13,14,22,30 blue=14（red 含 07，机检）
[2026-09-14T13:32:47+08:00]   [dry] would resolve kind=cwl_ssq_blue_odd x2 due=2026-09-13 -> false | cwl 官方 2026106 期 red=06,11,13,14,22,30 blue=14（blue 为奇数，机检）
[2026-09-14T13:32:47+08:00]   [dry] would resolve kind=openmeteo_daily_max x1 due=2026-09-14 -> true | Open-Meteo archive 2026-09-14 max=30.7C（阈值 30C，机检）
[2026-09-14T13:32:47+08:00]   [dry] would resolve kind=openmeteo_daily_max x1 due=2026-09-14 -> false | Open-Meteo archive 2026-09-14 max=26.4C（阈值 28C，机检）
[2026-09-14T13:32:47+08:00]   [dry] would resolve kind=openmeteo_daily_max x1 due=2026-09-14 -> false | Open-Meteo archive 2026-09-14 max=31.9C（阈值 32C，机检）
[2026-09-14T13:32:47+08:00]   [dry] would resolve kind=openmeteo_daily_max x1 due=2026-09-14 -> false | Open-Meteo archive 2026-09-14 max=24.9C（阈值 25C，机检）
[2026-09-14T13:32:47+08:00]   [dry] would resolve kind=cwl_ssq_red_contains x1 due=2026-09-13 -> false | cwl 官方 2026106 期 red=06,11,13,14,22,30 blue=14（red 含 07，机检）
[2026-09-14T13:32:47+08:00]   [dry] would resolve kind=cwl_ssq_red_contains x1 due=2026-09-13 -> false | cwl 官方 2026106 期 red=06,11,13,14,22,30 blue=14（red 含 07，机检）
[2026-09-14T13:32:47+08:00]   [dry] would resolve kind=cwl_ssq_blue_odd x1 due=2026-09-13 -> false | cwl 官方 2026106 期 red=06,11,13,14,22,30 blue=14（blue 为奇数，机检）
[2026-09-14T13:32:47+08:00]   fetch-fail kind=dlt_draw_result x1 — HTTP 567（跳过不写）
[2026-09-14T13:32:47+08:00]   fetch-fail kind=dlt_draw_result x1 — HTTP 567（跳过不写）
[2026-09-14T13:32:47+08:00]   [dry] would resolve kind=github_weekly_commits x1 due=2026-09-06 -> true | GitHub nodejs/node 2026-08-30~2026-09-05 commits=122（阈值 >= 61，机检）
[2026-09-14T13:32:47+08:00]   [dry] would resolve kind=github_weekly_commits x1 due=2026-08-30 -> true | GitHub nodejs/node 2026-08-23~2026-08-29 commits=127（阈值 >= 61，机检）
[2026-09-14T13:32:47+08:00]   [dry] would resolve kind=github_weekly_commits x1 due=2026-09-06 -> true | GitHub microsoft/vscode 2026-08-30~2026-09-05 commits=674（阈值 >= 621，机检）
[2026-09-14T13:32:47+08:00]   [dry] would resolve kind=github_weekly_commits x1 due=2026-08-30 -> true | GitHub microsoft/vscode 2026-08-23~2026-08-29 commits=686（阈值 >= 683，机检）
[2026-09-14T13:32:47+08:00]   [dry] would resolve kind=github_weekly_commits x1 due=2026-09-06 -> true | GitHub facebook/react 2026-08-30~2026-09-05 commits=23（阈值 >= 15，机检）
[2026-09-14T13:32:47+08:00]   [dry] would resolve kind=github_weekly_commits x1 due=2026-08-30 -> true | GitHub facebook/react 2026-08-23~2026-08-29 commits=25（阈值 >= 9，机检）
[2026-09-14T13:32:47+08:00]   pending kind=cta_daily_total_rides x1 due=2026-09-14 — 2026-09-14 尚未到
[2026-09-14T13:32:47+08:00]   pending kind=elexon_fuelhh_daily_mean x1 due=2026-09-14 — 2026-09-14 尚未到
[2026-09-14T13:32:47+08:00]   pending kind=elexon_fuelhh_daily_mean x1 due=2026-09-14 — 2026-09-14 尚未到
[2026-09-14T13:32:47+08:00]   pending kind=elexon_fuelhh_daily_mean x1 due=2026-09-14 — 2026-09-14 尚未到
[2026-09-14T13:32:47+08:00]   pending kind=openmeteo_air_pm2_5_daily_mean x1 due=2026-09-14 — 2026-09-14 尚未到（前瞻事件未发生，不结算）
[2026-09-14T13:32:47+08:00]   pending kind=openmeteo_air_ozone_daily_mean x1 due=2026-09-14 — 2026-09-14 尚未到（前瞻事件未发生，不结算）
[2026-09-14T13:32:47+08:00]   pending kind=openmeteo_air_pm2_5_daily_mean x1 due=2026-09-14 — 2026-09-14 尚未到（前瞻事件未发生，不结算）
[2026-09-14T13:32:47+08:00]   pending kind=openmeteo_air_ozone_daily_mean x1 due=2026-09-14 — 2026-09-14 尚未到（前瞻事件未发生，不结算）
[2026-09-14T13:32:47+08:00]   pending kind=openmeteo_air_pm2_5_daily_mean x1 due=2026-09-14 — 2026-09-14 尚未到（前瞻事件未发生，不结算）
[2026-09-14T13:32:47+08:00]   pending kind=openmeteo_air_ozone_daily_mean x1 due=2026-09-14 — 2026-09-14 尚未到（前瞻事件未发生，不结算）
[2026-09-14T13:32:47+08:00]   pending kind=openmeteo_air_pm2_5_daily_mean x1 due=2026-09-14 — 2026-09-14 尚未到（前瞻事件未发生，不结算）
[2026-09-14T13:32:47+08:00]   pending kind=openmeteo_air_ozone_daily_mean x1 due=2026-09-14 — 2026-09-14 尚未到（前瞻事件未发生，不结算）
[2026-09-14T13:32:47+08:00]   pending kind=openmeteo_air_pm2_5_daily_mean x1 due=2026-09-14 — 2026-09-14 尚未到（前瞻事件未发生，不结算）
[2026-09-14T13:32:47+08:00]   pending kind=openmeteo_air_ozone_daily_mean x1 due=2026-09-14 — 2026-09-14 尚未到（前瞻事件未发生，不结算）
[2026-09-14T13:32:47+08:00]   pending kind=openmeteo_air_pm2_5_daily_mean x1 due=2026-09-14 — 2026-09-14 尚未到（前瞻事件未发生，不结算）
[2026-09-14T13:32:47+08:00]   pending kind=openmeteo_air_ozone_daily_mean x1 due=2026-09-14 — 2026-09-14 尚未到（前瞻事件未发生，不结算）
[2026-09-14T13:32:47+08:00]   pending kind=noaa_tide_daily_max x1 due=2026-09-14 — 2026-09-14 尚未到
[2026-09-14T13:32:47+08:00]   pending kind=noaa_tide_daily_max x1 due=2026-09-14 — 2026-09-14 尚未到
[2026-09-14T13:32:47+08:00]   pending kind=noaa_tide_daily_max x1 due=2026-09-14 — 2026-09-14 尚未到
[2026-09-14T13:32:47+08:00]   pending kind=noaa_tide_daily_max x1 due=2026-09-14 — 2026-09-14 尚未到
[2026-09-14T13:32:47+08:00]   pending kind=noaa_tide_daily_max x1 due=2026-09-14 — 2026-09-14 尚未到
[2026-09-14T13:32:47+08:00]   pending kind=noaa_tide_daily_max x1 due=2026-09-14 — 2026-09-14 尚未到
[2026-09-14T13:32:47+08:00]   pending kind=energycharts_public_power_daily_mean x1 due=2026-09-14 — 2026-09-14 尚未到
[2026-09-14T13:32:47+08:00]   pending kind=energycharts_public_power_daily_mean x1 due=2026-09-14 — 2026-09-14 尚未到
[2026-09-14T13:32:47+08:00]   pending kind=energycharts_public_power_daily_mean x1 due=2026-09-14 — 2026-09-14 尚未到
[2026-09-14T13:32:47+08:00]   pending kind=energycharts_public_power_daily_mean x1 due=2026-09-14 — 2026-09-14 尚未到
[2026-09-14T13:32:47+08:00]   pending kind=energycharts_public_power_daily_mean x1 due=2026-09-14 — 2026-09-14 尚未到
[2026-09-14T13:32:47+08:00]   fetch-fail kind=kraken_daily_close x1 — fetch failed（跳过不写）
[2026-09-14T13:32:47+08:00]   fetch-fail kind=kraken_daily_close x1 — fetch failed（跳过不写）
[2026-09-14T13:32:47+08:00]   fetch-fail kind=kraken_daily_close x1 — fetch failed（跳过不写）
[2026-09-14T13:32:47+08:00]   pending kind=mlb_schedule_daily_total_runs x1 due=2026-09-14 — 2026-09-14 尚未到
[2026-09-14T13:32:47+08:00]   [dry] would resolve kind=energycharts_daily_mean x1 due=2026-06-25 -> true | Energy-Charts es Solar 2026-06-25 均值=10540.6250MW（96 点，满日 96 点·15 分粒度，本地日全窗口口径）（阈值 >= 6833，机检）
[2026-09-14T13:32:47+08:00]   [dry] would resolve kind=energycharts_daily_mean x1 due=2026-06-25 -> true | Energy-Charts it Hydro Run-of-River 2026-06-25 均值=3343.0208MW（96 点，满日 96 点·15 分粒度，本地日全窗口口径）（阈值 >= 3077，机检）
[2026-09-14T13:32:47+08:00]   [dry] would resolve kind=energycharts_daily_mean x1 due=2026-06-25 -> false | Energy-Charts it Wind onshore 2026-06-25 均值=800.5208MW（96 点，满日 96 点·15 分粒度，本地日全窗口口径）（阈值 >= 1579，机检）
[2026-09-14T13:32:47+08:00]   [dry] would resolve kind=energycharts_daily_mean x1 due=2026-06-25 -> false | Energy-Charts be Hydro Run-of-River 2026-06-25 均值=5.3333MW（24 点，满日 24 点·60 分粒度，本地日全窗口口径）（阈值 >= 28，机检）
[2026-09-14T13:32:47+08:00]   [dry] would resolve kind=energycharts_daily_mean x1 due=2026-06-25 -> true | Energy-Charts be Fossil gas 2026-06-25 均值=2477.6875MW（24 点，满日 24 点·60 分粒度，本地日全窗口口径）（阈值 >= 1775，机检）
[2026-09-14T13:32:47+08:00]   [dry] would resolve kind=energycharts_daily_mean x1 due=2026-06-25 -> false | Energy-Charts be Wind onshore 2026-06-25 均值=399.0500MW（24 点，满日 24 点·60 分粒度，本地日全窗口口径）（阈值 >= 864，机检）
[2026-09-14T13:32:47+08:00]   [dry] would resolve kind=energycharts_daily_mean x1 due=2026-06-25 -> true | Energy-Charts be Solar 2026-06-25 均值=2679.8125MW（24 点，满日 24 点·60 分粒度，本地日全窗口口径）（阈值 >= 1472，机检）
[2026-09-14T13:32:47+08:00]   [dry] would resolve kind=energycharts_daily_mean x1 due=2026-06-25 -> true | Energy-Charts be Load 2026-06-25 均值=10635.0375MW（24 点，满日 24 点·60 分粒度，本地日全窗口口径）（阈值 >= 9660，机检）
[2026-09-14T13:32:47+08:00] round#1 用时 63.4s | 未解总数=697 到期选中=58 唯一真值请求=57（台账重复合并 1） | resolved=0 pending=28（含预筛 0） fail=5 refused=0／同结论并发=0 口径护栏=0 unsupported=0 未到期跳过=612 无法定到期=27 wouldWrite=25 实打网=20
[2026-09-14T13:32:47+08:00]   取数失败明细 {"fetch-fail:dlt_draw_result:HTTP 567":2,"fetch-fail:kraken_daily_close:fetch failed":3}
[2026-09-14T13:33:05+08:00] === corpus-resolve-daemon start | mode=once interval=60min due-only=true confirm=true
[2026-09-14T13:33:05+08:00] 复用 corpus-resolve RESOLVERS 成功：inline-extract(59 kinds)
[2026-09-14T13:33:09+08:00] WARN dlt 日历刷新失败（沿用内置锚 26104@2026-09-12）: HTTP 567
[2026-09-14T13:33:09+08:00] 日历锚刷新：ssq 2026106@2026-09-13 | dlt 26104@2026-09-12
[2026-09-14T13:34:24+08:00] 二遍补打 7 组（首遍网络失败，缓 8s 后重试一次）
[2026-09-14T13:34:53+08:00]   resolved id=451 kind=openmeteo_daily_max -> false | Open-Meteo archive 2026-09-14 max=30.7C（阈值 35C，机检）
[2026-09-14T13:34:53+08:00]   resolved id=453 kind=cwl_ssq_red_contains -> false | cwl 官方 2026106 期 red=06,11,13,14,22,30 blue=14（red 含 07，机检）
[2026-09-14T13:34:53+08:00]   resolved id=454 kind=cwl_ssq_blue_odd -> false | cwl 官方 2026106 期 red=06,11,13,14,22,30 blue=14（blue 为奇数，机检）
[2026-09-14T13:34:53+08:00]   resolved id=732 kind=cwl_ssq_blue_odd -> false | cwl 官方 2026106 期 red=06,11,13,14,22,30 blue=14（blue 为奇数，机检）
[2026-09-14T13:34:53+08:00]   resolved id=456 kind=openmeteo_daily_max -> true | Open-Meteo archive 2026-09-14 max=30.7C（阈值 30C，机检）
[2026-09-14T13:34:53+08:00]   resolved id=460 kind=openmeteo_daily_max -> false | Open-Meteo archive 2026-09-14 max=26.4C（阈值 28C，机检）
[2026-09-14T13:34:53+08:00]   resolved id=464 kind=openmeteo_daily_max -> false | Open-Meteo archive 2026-09-14 max=31.9C（阈值 32C，机检）
[2026-09-14T13:34:53+08:00]   resolved id=468 kind=openmeteo_daily_max -> false | Open-Meteo archive 2026-09-14 max=24.9C（阈值 25C，机检）
[2026-09-14T13:34:53+08:00]   resolved id=731 kind=cwl_ssq_red_contains -> false | cwl 官方 2026106 期 red=06,11,13,14,22,30 blue=14（red 含 07，机检）
[2026-09-14T13:34:53+08:00]   resolved id=817 kind=cwl_ssq_red_contains -> false | cwl 官方 2026106 期 red=06,11,13,14,22,30 blue=14（red 含 07，机检）
[2026-09-14T13:34:53+08:00]   resolved id=829 kind=cwl_ssq_blue_odd -> false | cwl 官方 2026106 期 red=06,11,13,14,22,30 blue=14（blue 为奇数，机检）
[2026-09-14T13:34:53+08:00]   fetch-fail kind=dlt_draw_result x1 — HTTP 567（跳过不写）
[2026-09-14T13:34:53+08:00]   fetch-fail kind=dlt_draw_result x1 — HTTP 567（跳过不写）
[2026-09-14T13:34:53+08:00]   resolved id=930 kind=github_weekly_commits -> true | GitHub nodejs/node 2026-08-30~2026-09-05 commits=122（阈值 >= 61，机检）
[2026-09-14T13:34:53+08:00]   resolved id=931 kind=github_weekly_commits -> true | GitHub nodejs/node 2026-08-23~2026-08-29 commits=127（阈值 >= 61，机检）
[2026-09-14T13:34:53+08:00]   resolved id=933 kind=github_weekly_commits -> true | GitHub microsoft/vscode 2026-08-30~2026-09-05 commits=674（阈值 >= 621，机检）
[2026-09-14T13:34:53+08:00]   resolved id=934 kind=github_weekly_commits -> true | GitHub microsoft/vscode 2026-08-23~2026-08-29 commits=686（阈值 >= 683，机检）
[2026-09-14T13:34:53+08:00]   resolved id=936 kind=github_weekly_commits -> true | GitHub facebook/react 2026-08-30~2026-09-05 commits=23（阈值 >= 15，机检）
[2026-09-14T13:34:53+08:00]   resolved id=937 kind=github_weekly_commits -> true | GitHub facebook/react 2026-08-23~2026-08-29 commits=25（阈值 >= 9，机检）
[2026-09-14T13:34:53+08:00]   pending kind=cta_daily_total_rides x1 due=2026-09-14 — 2026-09-14 尚未到
[2026-09-14T13:34:53+08:00]   pending kind=elexon_fuelhh_daily_mean x1 due=2026-09-14 — 2026-09-14 尚未到
[2026-09-14T13:34:53+08:00]   pending kind=elexon_fuelhh_daily_mean x1 due=2026-09-14 — 2026-09-14 尚未到
[2026-09-14T13:34:53+08:00]   pending kind=elexon_fuelhh_daily_mean x1 due=2026-09-14 — 2026-09-14 尚未到
[2026-09-14T13:34:53+08:00]   pending kind=openmeteo_air_pm2_5_daily_mean x1 due=2026-09-14 — 2026-09-14 尚未到（前瞻事件未发生，不结算）
[2026-09-14T13:34:53+08:00]   pending kind=openmeteo_air_ozone_daily_mean x1 due=2026-09-14 — 2026-09-14 尚未到（前瞻事件未发生，不结算）
[2026-09-14T13:34:53+08:00]   pending kind=openmeteo_air_pm2_5_daily_mean x1 due=2026-09-14 — 2026-09-14 尚未到（前瞻事件未发生，不结算）
[2026-09-14T13:34:53+08:00]   pending kind=openmeteo_air_ozone_daily_mean x1 due=2026-09-14 — 2026-09-14 尚未到（前瞻事件未发生，不结算）
[2026-09-14T13:34:53+08:00]   pending kind=openmeteo_air_pm2_5_daily_mean x1 due=2026-09-14 — 2026-09-14 尚未到（前瞻事件未发生，不结算）
[2026-09-14T13:34:53+08:00]   pending kind=openmeteo_air_ozone_daily_mean x1 due=2026-09-14 — 2026-09-14 尚未到（前瞻事件未发生，不结算）
[2026-09-14T13:34:53+08:00]   pending kind=openmeteo_air_pm2_5_daily_mean x1 due=2026-09-14 — 2026-09-14 尚未到（前瞻事件未发生，不结算）
[2026-09-14T13:34:53+08:00]   pending kind=openmeteo_air_ozone_daily_mean x1 due=2026-09-14 — 2026-09-14 尚未到（前瞻事件未发生，不结算）
[2026-09-14T13:34:53+08:00]   pending kind=openmeteo_air_pm2_5_daily_mean x1 due=2026-09-14 — 2026-09-14 尚未到（前瞻事件未发生，不结算）
[2026-09-14T13:34:53+08:00]   pending kind=openmeteo_air_ozone_daily_mean x1 due=2026-09-14 — 2026-09-14 尚未到（前瞻事件未发生，不结算）
[2026-09-14T13:34:53+08:00]   pending kind=openmeteo_air_pm2_5_daily_mean x1 due=2026-09-14 — 2026-09-14 尚未到（前瞻事件未发生，不结算）
[2026-09-14T13:34:53+08:00]   pending kind=openmeteo_air_ozone_daily_mean x1 due=2026-09-14 — 2026-09-14 尚未到（前瞻事件未发生，不结算）
[2026-09-14T13:34:53+08:00]   pending kind=noaa_tide_daily_max x1 due=2026-09-14 — 2026-09-14 尚未到
[2026-09-14T13:34:53+08:00]   pending kind=noaa_tide_daily_max x1 due=2026-09-14 — 2026-09-14 尚未到
[2026-09-14T13:34:53+08:00]   pending kind=noaa_tide_daily_max x1 due=2026-09-14 — 2026-09-14 尚未到
[2026-09-14T13:34:53+08:00]   pending kind=noaa_tide_daily_max x1 due=2026-09-14 — 2026-09-14 尚未到
[2026-09-14T13:34:53+08:00]   pending kind=noaa_tide_daily_max x1 due=2026-09-14 — 2026-09-14 尚未到
[2026-09-14T13:34:53+08:00]   pending kind=noaa_tide_daily_max x1 due=2026-09-14 — 2026-09-14 尚未到
[2026-09-14T13:34:53+08:00]   pending kind=energycharts_public_power_daily_mean x1 due=2026-09-14 — 2026-09-14 尚未到
[2026-09-14T13:34:53+08:00]   pending kind=energycharts_public_power_daily_mean x1 due=2026-09-14 — 2026-09-14 尚未到
[2026-09-14T13:34:53+08:00]   pending kind=energycharts_public_power_daily_mean x1 due=2026-09-14 — 2026-09-14 尚未到
[2026-09-14T13:34:53+08:00]   pending kind=energycharts_public_power_daily_mean x1 due=2026-09-14 — 2026-09-14 尚未到
[2026-09-14T13:34:53+08:00]   pending kind=energycharts_public_power_daily_mean x1 due=2026-09-14 — 2026-09-14 尚未到
[2026-09-14T13:34:53+08:00]   fetch-fail kind=kraken_daily_close x1 — fetch failed（跳过不写）
[2026-09-14T13:34:53+08:00]   fetch-fail kind=kraken_daily_close x1 — fetch failed（跳过不写）
[2026-09-14T13:34:53+08:00]   fetch-fail kind=kraken_daily_close x1 — fetch failed（跳过不写）
[2026-09-14T13:34:53+08:00]   pending kind=mlb_schedule_daily_total_runs x1 due=2026-09-14 — 2026-09-14 尚未到
[2026-09-14T13:34:53+08:00]   resolved id=1761 kind=energycharts_daily_mean -> true | Energy-Charts es Solar 2026-06-25 均值=10540.6250MW（96 点，满日 96 点·15 分粒度，本地日全窗口口径）（阈值 >= 6833，机检）
[2026-09-14T13:34:53+08:00]   resolved id=1765 kind=energycharts_daily_mean -> true | Energy-Charts it Hydro Run-of-River 2026-06-25 均值=3343.0208MW（96 点，满日 96 点·15 分粒度，本地日全窗口口径）（阈值 >= 3077，机检）
[2026-09-14T13:34:53+08:00]   resolved id=1769 kind=energycharts_daily_mean -> false | Energy-Charts it Wind onshore 2026-06-25 均值=800.5208MW（96 点，满日 96 点·15 分粒度，本地日全窗口口径）（阈值 >= 1579，机检）
[2026-09-14T13:34:53+08:00]   resolved id=1785 kind=energycharts_daily_mean -> false | Energy-Charts be Hydro Run-of-River 2026-06-25 均值=5.3333MW（24 点，满日 24 点·60 分粒度，本地日全窗口口径）（阈值 >= 28，机检）
[2026-09-14T13:34:53+08:00]   resolved id=1787 kind=energycharts_daily_mean -> true | Energy-Charts be Fossil gas 2026-06-25 均值=2477.6875MW（24 点，满日 24 点·60 分粒度，本地日全窗口口径）（阈值 >= 1775，机检）
[2026-09-14T13:34:53+08:00]   resolved id=1789 kind=energycharts_daily_mean -> false | Energy-Charts be Wind onshore 2026-06-25 均值=399.0500MW（24 点，满日 24 点·60 分粒度，本地日全窗口口径）（阈值 >= 864，机检）
[2026-09-14T13:34:53+08:00]   resolved id=1791 kind=energycharts_daily_mean -> true | Energy-Charts be Solar 2026-06-25 均值=2679.8125MW（24 点，满日 24 点·60 分粒度，本地日全窗口口径）（阈值 >= 1472，机检）
[2026-09-14T13:34:53+08:00]   resolved id=1793 kind=energycharts_daily_mean -> true | Energy-Charts be Load 2026-06-25 均值=10635.0375MW（24 点，满日 24 点·60 分粒度，本地日全窗口口径）（阈值 >= 9660，机检）
[2026-09-14T13:34:53+08:00] round#1 用时 104.0s | 未解总数=697 到期选中=58 唯一真值请求=57（台账重复合并 1） | resolved=25 pending=28（含预筛 0） fail=5 refused=0／同结论并发=0 口径护栏=0 unsupported=0 未到期跳过=612 无法定到期=27 wouldWrite=0 实打网=27
[2026-09-14T13:34:53+08:00]   取数失败明细 {"fetch-fail:dlt_draw_result:HTTP 567":2,"fetch-fail:kraken_daily_close:fetch failed":3}
[2026-09-15T17:50:54+08:00] === corpus-resolve-daemon start | mode=once interval=60min due-only=true confirm=false（DRY-RUN，不写库）
[2026-09-15T17:50:54+08:00] 复用 corpus-resolve RESOLVERS 成功：inline-extract(59 kinds)
[2026-09-15T17:50:59+08:00] WARN dlt 日历刷新失败（沿用内置锚 26104@2026-09-12）: HTTP 567
[2026-09-15T17:50:59+08:00] 日历锚刷新：ssq 2026106@2026-09-13 | dlt 26104@2026-09-12
[2026-09-15T17:51:34+08:00] 二遍补打 5 组（首遍网络失败，缓 8s 后重试一次）
[2026-09-15T17:51:48+08:00]   [dry] would resolve kind=openmeteo_daily_max x1 due=2026-09-15 -> false | Open-Meteo archive 2026-09-15 max=29.4C（阈值 30C，机检）
[2026-09-15T17:51:48+08:00]   [dry] would resolve kind=openmeteo_daily_max x1 due=2026-09-15 -> true | Open-Meteo archive 2026-09-15 max=29.1C（阈值 28C，机检）
[2026-09-15T17:51:48+08:00]   [dry] would resolve kind=openmeteo_daily_max x1 due=2026-09-15 -> false | Open-Meteo archive 2026-09-15 max=31.2C（阈值 32C，机检）
[2026-09-15T17:51:48+08:00]   [dry] would resolve kind=openmeteo_daily_max x1 due=2026-09-15 -> false | Open-Meteo archive 2026-09-15 max=21C（阈值 25C，机检）
[2026-09-15T17:51:48+08:00]   pending kind=cwl_ssq_red_contains x1 due=2026-09-15 — 第 2026107 期未开奖
[2026-09-15T17:51:48+08:00]   pending kind=cwl_ssq_blue_odd x1 due=2026-09-15 — 第 2026107 期未开奖
[2026-09-15T17:51:48+08:00]   pending kind=cwl_ssq_red_contains x1 due=2026-09-15 — 第 2026107 期未开奖
[2026-09-15T17:51:48+08:00]   pending kind=cwl_ssq_blue_odd x1 due=2026-09-15 — 第 2026107 期未开奖
[2026-09-15T17:51:48+08:00]   fetch-fail kind=dlt_draw_result x1 — HTTP 567（跳过不写）
[2026-09-15T17:51:48+08:00]   fetch-fail kind=dlt_draw_result x1 — HTTP 567（跳过不写）
[2026-09-15T17:51:48+08:00]   pending(预筛) kind=openmeteo_air_pm10_daily_mean x1 due=2026-09-15 — 空气质量 2026-09-15 小时序列未出齐（需 T+1）
[2026-09-15T17:51:48+08:00]   pending(预筛) kind=openmeteo_air_pm10_daily_mean x1 due=2026-09-15 — 空气质量 2026-09-15 小时序列未出齐（需 T+1）
[2026-09-15T17:51:48+08:00]   pending(预筛) kind=openmeteo_air_pm10_daily_mean x1 due=2026-09-15 — 空气质量 2026-09-15 小时序列未出齐（需 T+1）
[2026-09-15T17:51:48+08:00]   pending(预筛) kind=openmeteo_air_pm10_daily_mean x1 due=2026-09-15 — 空气质量 2026-09-15 小时序列未出齐（需 T+1）
[2026-09-15T17:51:48+08:00]   pending(预筛) kind=openmeteo_air_pm10_daily_mean x1 due=2026-09-15 — 空气质量 2026-09-15 小时序列未出齐（需 T+1）
[2026-09-15T17:51:48+08:00]   pending(预筛) kind=binance_daily_close x1 due=2026-09-15 — UTC 日 2026-09-15 尚未收盘
[2026-09-15T17:51:48+08:00]   pending(预筛) kind=binance_daily_close x1 due=2026-09-15 — UTC 日 2026-09-15 尚未收盘
[2026-09-15T17:51:48+08:00]   pending(预筛) kind=binance_daily_close x1 due=2026-09-15 — UTC 日 2026-09-15 尚未收盘
[2026-09-15T17:51:48+08:00]   pending kind=cta_daily_total_rides x1 due=2026-09-14 — CTA 无 2026-09-14 数据（真值滞后约 2.5 月）
[2026-09-15T17:51:48+08:00]   pending kind=cta_daily_total_rides x1 due=2026-09-15 — 2026-09-15 尚未到
[2026-09-15T17:51:48+08:00]   pending kind=ghcn_daily_tmax x1 due=2026-09-15 — 2026-09-15 尚未到
[2026-09-15T17:51:48+08:00]   pending kind=ghcn_daily_tmax x1 due=2026-09-15 — 2026-09-15 尚未到
[2026-09-15T17:51:48+08:00]   pending kind=ghcn_daily_tmax x1 due=2026-09-15 — 2026-09-15 尚未到
[2026-09-15T17:51:48+08:00]   [dry] would resolve kind=elexon_fuelhh_daily_mean x1 due=2026-09-14 -> false | Elexon WIND 2026-09-14 均值=7138.7708MW（48 点）（阈值 >= 9306，机检）
[2026-09-15T17:51:48+08:00]   pending kind=elexon_fuelhh_daily_mean x1 due=2026-09-15 — 2026-09-15 尚未到
[2026-09-15T17:51:48+08:00]   [dry] would resolve kind=elexon_fuelhh_daily_mean x1 due=2026-09-14 -> true | Elexon CCGT 2026-09-14 均值=10269.2708MW（48 点）（阈值 >= 4748，机检）
[2026-09-15T17:51:48+08:00]   pending kind=elexon_fuelhh_daily_mean x1 due=2026-09-15 — 2026-09-15 尚未到
[2026-09-15T17:51:48+08:00]   [dry] would resolve kind=elexon_fuelhh_daily_mean x1 due=2026-09-14 -> false | Elexon NUCLEAR 2026-09-14 均值=3462.7083MW（48 点）（阈值 >= 4615，机检）
[2026-09-15T17:51:48+08:00]   pending kind=elexon_fuelhh_daily_mean x1 due=2026-09-15 — 2026-09-15 尚未到
[2026-09-15T17:51:48+08:00]   [dry] would resolve kind=openmeteo_air_pm2_5_daily_mean x1 due=2026-09-14 -> true | Open-Meteo hourly.pm2_5 2026-09-14 日均=4.4667（24 小时）（阈值 <= 4.6，机检）
[2026-09-15T17:51:48+08:00]   pending kind=openmeteo_air_pm2_5_daily_mean x1 due=2026-09-15 — 2026-09-15 尚未到（前瞻事件未发生，不结算）
[2026-09-15T17:51:48+08:00]   [dry] would resolve kind=openmeteo_air_ozone_daily_mean x1 due=2026-09-14 -> true | Open-Meteo hourly.ozone 2026-09-14 日均=30.7917（24 小时）（阈值 <= 65.5，机检）
[2026-09-15T17:51:48+08:00]   pending kind=openmeteo_air_ozone_daily_mean x1 due=2026-09-15 — 2026-09-15 尚未到（前瞻事件未发生，不结算）
[2026-09-15T17:51:48+08:00]   [dry] would resolve kind=openmeteo_air_pm2_5_daily_mean x1 due=2026-09-14 -> true | Open-Meteo hourly.pm2_5 2026-09-14 日均=9.9750（24 小时）（阈值 <= 20.2，机检）
[2026-09-15T17:51:48+08:00]   pending kind=openmeteo_air_pm2_5_daily_mean x1 due=2026-09-15 — 2026-09-15 尚未到（前瞻事件未发生，不结算）
[2026-09-15T17:51:48+08:00]   [dry] would resolve kind=openmeteo_air_ozone_daily_mean x1 due=2026-09-14 -> true | Open-Meteo hourly.ozone 2026-09-14 日均=29.3750（24 小时）（阈值 <= 42.3，机检）
[2026-09-15T17:51:48+08:00]   pending kind=openmeteo_air_ozone_daily_mean x1 due=2026-09-15 — 2026-09-15 尚未到（前瞻事件未发生，不结算）
[2026-09-15T17:51:48+08:00]   [dry] would resolve kind=openmeteo_air_pm2_5_daily_mean x1 due=2026-09-14 -> false | Open-Meteo hourly.pm2_5 2026-09-14 日均=11.7083（24 小时）（阈值 <= 10.2，机检）
[2026-09-15T17:51:48+08:00]   pending kind=openmeteo_air_pm2_5_daily_mean x1 due=2026-09-15 — 2026-09-15 尚未到（前瞻事件未发生，不结算）
[2026-09-15T17:51:48+08:00]   [dry] would resolve kind=openmeteo_air_ozone_daily_mean x1 due=2026-09-14 -> false | Open-Meteo hourly.ozone 2026-09-14 日均=56.9167（24 小时）（阈值 <= 33.8，机检）
[2026-09-15T17:51:48+08:00]   pending kind=openmeteo_air_ozone_daily_mean x1 due=2026-09-15 — 2026-09-15 尚未到（前瞻事件未发生，不结算）
[2026-09-15T17:51:48+08:00]   [dry] would resolve kind=openmeteo_air_pm2_5_daily_mean x1 due=2026-09-14 -> true | Open-Meteo hourly.pm2_5 2026-09-14 日均=7.9792（24 小时）（阈值 <= 20，机检）
[2026-09-15T17:51:48+08:00]   pending kind=openmeteo_air_pm2_5_daily_mean x1 due=2026-09-15 — 2026-09-15 尚未到（前瞻事件未发生，不结算）
[2026-09-15T17:51:48+08:00]   [dry] would resolve kind=openmeteo_air_ozone_daily_mean x1 due=2026-09-14 -> false | Open-Meteo hourly.ozone 2026-09-14 日均=61.8750（24 小时）（阈值 <= 53.9，机检）
[2026-09-15T17:51:48+08:00]   pending kind=openmeteo_air_ozone_daily_mean x1 due=2026-09-15 — 2026-09-15 尚未到（前瞻事件未发生，不结算）
[2026-09-15T17:51:48+08:00]   [dry] would resolve kind=openmeteo_air_pm2_5_daily_mean x1 due=2026-09-14 -> true | Open-Meteo hourly.pm2_5 2026-09-14 日均=18.0625（24 小时）（阈值 <= 21.2，机检）
[2026-09-15T17:51:48+08:00]   pending kind=openmeteo_air_pm2_5_daily_mean x1 due=2026-09-15 — 2026-09-15 尚未到（前瞻事件未发生，不结算）
[2026-09-15T17:51:48+08:00]   [dry] would resolve kind=openmeteo_air_ozone_daily_mean x1 due=2026-09-14 -> true | Open-Meteo hourly.ozone 2026-09-14 日均=61.7917（24 小时）（阈值 <= 64，机检）
[2026-09-15T17:51:48+08:00]   pending kind=openmeteo_air_ozone_daily_mean x1 due=2026-09-15 — 2026-09-15 尚未到（前瞻事件未发生，不结算）
[2026-09-15T17:51:48+08:00]   [dry] would resolve kind=openmeteo_air_pm2_5_daily_mean x1 due=2026-09-14 -> true | Open-Meteo hourly.pm2_5 2026-09-14 日均=12.6917（24 小时）（阈值 <= 15，机检）
[2026-09-15T17:51:48+08:00]   pending kind=openmeteo_air_pm2_5_daily_mean x1 due=2026-09-15 — 2026-09-15 尚未到（前瞻事件未发生，不结算）
[2026-09-15T17:51:48+08:00]   [dry] would resolve kind=openmeteo_air_ozone_daily_mean x1 due=2026-09-14 -> true | Open-Meteo hourly.ozone 2026-09-14 日均=49.9167（24 小时）（阈值 <= 51.7，机检）
[2026-09-15T17:51:48+08:00]   pending kind=openmeteo_air_ozone_daily_mean x1 due=2026-09-15 — 2026-09-15 尚未到（前瞻事件未发生，不结算）
[2026-09-15T17:51:48+08:00]   [dry] would resolve kind=noaa_tide_daily_max x1 due=2026-09-14 -> false | NOAA 8443970 2026-09-14 当日最高潮位=1.593m(MSL, 24 点)（阈值 >= 1.626，机检）
[2026-09-15T17:51:48+08:00]   pending kind=noaa_tide_daily_max x1 due=2026-09-15 — 2026-09-15 尚未到
[2026-09-15T17:51:48+08:00]   [dry] would resolve kind=noaa_tide_daily_max x1 due=2026-09-14 -> true | NOAA 9414290 2026-09-14 当日最高潮位=0.842m(MSL, 24 点)（阈值 >= 0.811，机检）
[2026-09-15T17:51:48+08:00]   pending kind=noaa_tide_daily_max x1 due=2026-09-15 — 2026-09-15 尚未到
[2026-09-15T17:51:48+08:00]   [dry] would resolve kind=noaa_tide_daily_max x1 due=2026-09-14 -> false | NOAA 8518750 2026-09-14 当日最高潮位=0.884m(MSL, 24 点)（阈值 >= 0.931，机检）
[2026-09-15T17:51:48+08:00]   pending kind=noaa_tide_daily_max x1 due=2026-09-15 — 2026-09-15 尚未到
[2026-09-15T17:51:48+08:00]   [dry] would resolve kind=noaa_tide_daily_max x1 due=2026-09-14 -> true | NOAA 8723214 2026-09-14 当日最高潮位=0.464m(MSL, 24 点)（阈值 >= 0.385，机检）
[2026-09-15T17:51:48+08:00]   pending kind=noaa_tide_daily_max x1 due=2026-09-15 — 2026-09-15 尚未到
[2026-09-15T17:51:48+08:00]   [dry] would resolve kind=noaa_tide_daily_max x1 due=2026-09-14 -> true | NOAA 9447130 2026-09-14 当日最高潮位=1.421m(MSL, 24 点)（阈值 >= 1.235，机检）
[2026-09-15T17:51:48+08:00]   pending kind=noaa_tide_daily_max x1 due=2026-09-15 — 2026-09-15 尚未到
[2026-09-15T17:51:48+08:00]   [dry] would resolve kind=noaa_tide_daily_max x1 due=2026-09-14 -> false | NOAA 9410230 2026-09-14 当日最高潮位=0.837m(MSL, 24 点)（阈值 >= 0.973，机检）
[2026-09-15T17:51:48+08:00]   pending kind=noaa_tide_daily_max x1 due=2026-09-15 — 2026-09-15 尚未到
[2026-09-15T17:51:48+08:00]   [dry] would resolve kind=energycharts_public_power_daily_mean x1 due=2026-09-14 -> false | Energy-Charts de Hydro Run-of-River 2026-09-14 均值=1267.0427MW（96 点，满日 96 点·15 分粒度，本地日全窗口口径）（阈值 >= 1330，机检）
[2026-09-15T17:51:48+08:00]   pending kind=energycharts_public_power_daily_mean x1 due=2026-09-15 — 2026-09-15 尚未到
[2026-09-15T17:51:48+08:00]   [dry] would resolve kind=energycharts_public_power_daily_mean x1 due=2026-09-14 -> true | Energy-Charts de Fossil gas 2026-09-14 均值=7496.9802MW（96 点，满日 96 点·15 分粒度，本地日全窗口口径）（阈值 >= 4058，机检）
[2026-09-15T17:51:48+08:00]   pending kind=energycharts_public_power_daily_mean x1 due=2026-09-15 — 2026-09-15 尚未到
[2026-09-15T17:51:48+08:00]   [dry] would resolve kind=energycharts_public_power_daily_mean x1 due=2026-09-14 -> false | Energy-Charts de Wind offshore 2026-09-14 均值=905.7781MW（96 点，满日 96 点·15 分粒度，本地日全窗口口径）（阈值 >= 1541，机检）
[2026-09-15T17:51:48+08:00]   pending kind=energycharts_public_power_daily_mean x1 due=2026-09-15 — 2026-09-15 尚未到
[2026-09-15T17:51:48+08:00]   [dry] would resolve kind=energycharts_public_power_daily_mean x1 due=2026-09-14 -> false | Energy-Charts de Wind onshore 2026-09-14 均值=2652.3792MW（96 点，满日 96 点·15 分粒度，本地日全窗口口径）（阈值 >= 9177，机检）
[2026-09-15T17:51:48+08:00]   pending kind=energycharts_public_power_daily_mean x1 due=2026-09-15 — 2026-09-15 尚未到
[2026-09-15T17:51:48+08:00]   [dry] would resolve kind=energycharts_public_power_daily_mean x1 due=2026-09-14 -> false | Energy-Charts de Solar 2026-09-14 均值=11505.5354MW（96 点，满日 96 点·15 分粒度，本地日全窗口口径）（阈值 >= 15919，机检）
[2026-09-15T17:51:48+08:00]   pending kind=energycharts_public_power_daily_mean x1 due=2026-09-15 — 2026-09-15 尚未到
[2026-09-15T17:51:48+08:00]   [dry] would resolve kind=kraken_daily_close x1 due=2026-09-14 -> true | Kraken SOLUSD 2026-09-14 close=102.56（阈值 >= 75.29，机检）
[2026-09-15T17:51:48+08:00]   [dry] would resolve kind=kraken_daily_close x1 due=2026-09-15 -> true | Kraken SOLUSD 2026-09-15 close=100.88（阈值 >= 87.66，机检）
[2026-09-15T17:51:48+08:00]   [dry] would resolve kind=kraken_daily_close x1 due=2026-09-14 -> true | Kraken XBTUSD 2026-09-14 close=78193.1（阈值 >= 64599.2，机检）
[2026-09-15T17:51:48+08:00]   [dry] would resolve kind=kraken_daily_close x1 due=2026-09-15 -> true | Kraken XBTUSD 2026-09-15 close=76977.2（阈值 >= 73001.1，机检）
[2026-09-15T17:51:48+08:00]   [dry] would resolve kind=kraken_daily_close x1 due=2026-09-14 -> true | Kraken ETHUSD 2026-09-14 close=2515.81（阈值 >= 1902.26，机检）
[2026-09-15T17:51:48+08:00]   [dry] would resolve kind=kraken_daily_close x1 due=2026-09-15 -> true | Kraken ETHUSD 2026-09-15 close=2476.94（阈值 >= 2326.33，机检）
[2026-09-15T17:51:48+08:00]   fetch-fail kind=mlb_schedule_daily_total_runs x1 — fetch failed（跳过不写）
[2026-09-15T17:51:48+08:00]   pending kind=mlb_schedule_daily_total_runs x1 due=2026-09-15 — 2026-09-15 尚未到
[2026-09-15T17:51:48+08:00] round#1 用时 49.0s | 未解总数=672 到期选中=83 唯一真值请求=83（台账重复合并 0） | resolved=0 pending=44（含预筛 8） fail=3 refused=0／同结论并发=0 口径护栏=0 unsupported=0 未到期跳过=562 无法定到期=27 wouldWrite=36 实打网=37
[2026-09-15T17:51:48+08:00]   取数失败明细 {"fetch-fail:dlt_draw_result:HTTP 567":2,"fetch-fail:mlb_schedule_daily_total_runs:fetch failed":1}
[2026-09-15T17:54:04+08:00] === corpus-resolve-daemon start | mode=once interval=60min due-only=true confirm=true
[2026-09-15T17:54:04+08:00] 复用 corpus-resolve RESOLVERS 成功：inline-extract(59 kinds)
[2026-09-15T17:54:09+08:00] WARN dlt 日历刷新失败（沿用内置锚 26104@2026-09-12）: HTTP 567
[2026-09-15T17:54:09+08:00] 日历锚刷新：ssq 2026106@2026-09-13 | dlt 26104@2026-09-12
[2026-09-15T17:54:55+08:00] 二遍补打 5 组（首遍网络失败，缓 8s 后重试一次）
[2026-09-15T17:55:16+08:00]   resolved id=457 kind=openmeteo_daily_max -> false | Open-Meteo archive 2026-09-15 max=29.4C（阈值 30C，机检）
[2026-09-15T17:55:16+08:00]   resolved id=461 kind=openmeteo_daily_max -> true | Open-Meteo archive 2026-09-15 max=29.1C（阈值 28C，机检）
[2026-09-15T17:55:16+08:00]   resolved id=465 kind=openmeteo_daily_max -> false | Open-Meteo archive 2026-09-15 max=31.2C（阈值 32C，机检）
[2026-09-15T17:55:16+08:00]   resolved id=469 kind=openmeteo_daily_max -> false | Open-Meteo archive 2026-09-15 max=21C（阈值 25C，机检）
[2026-09-15T17:55:16+08:00]   pending kind=cwl_ssq_red_contains x1 due=2026-09-15 — 第 2026107 期未开奖
[2026-09-15T17:55:16+08:00]   pending kind=cwl_ssq_blue_odd x1 due=2026-09-15 — 第 2026107 期未开奖
[2026-09-15T17:55:16+08:00]   pending kind=cwl_ssq_red_contains x1 due=2026-09-15 — 第 2026107 期未开奖
[2026-09-15T17:55:16+08:00]   pending kind=cwl_ssq_blue_odd x1 due=2026-09-15 — 第 2026107 期未开奖
[2026-09-15T17:55:16+08:00]   fetch-fail kind=dlt_draw_result x1 — HTTP 567（跳过不写）
[2026-09-15T17:55:16+08:00]   fetch-fail kind=dlt_draw_result x1 — HTTP 567（跳过不写）
[2026-09-15T17:55:16+08:00]   pending(预筛) kind=openmeteo_air_pm10_daily_mean x1 due=2026-09-15 — 空气质量 2026-09-15 小时序列未出齐（需 T+1）
[2026-09-15T17:55:16+08:00]   pending(预筛) kind=openmeteo_air_pm10_daily_mean x1 due=2026-09-15 — 空气质量 2026-09-15 小时序列未出齐（需 T+1）
[2026-09-15T17:55:16+08:00]   pending(预筛) kind=openmeteo_air_pm10_daily_mean x1 due=2026-09-15 — 空气质量 2026-09-15 小时序列未出齐（需 T+1）
[2026-09-15T17:55:16+08:00]   pending(预筛) kind=openmeteo_air_pm10_daily_mean x1 due=2026-09-15 — 空气质量 2026-09-15 小时序列未出齐（需 T+1）
[2026-09-15T17:55:16+08:00]   pending(预筛) kind=openmeteo_air_pm10_daily_mean x1 due=2026-09-15 — 空气质量 2026-09-15 小时序列未出齐（需 T+1）
[2026-09-15T17:55:16+08:00]   pending(预筛) kind=binance_daily_close x1 due=2026-09-15 — UTC 日 2026-09-15 尚未收盘
[2026-09-15T17:55:16+08:00]   pending(预筛) kind=binance_daily_close x1 due=2026-09-15 — UTC 日 2026-09-15 尚未收盘
[2026-09-15T17:55:16+08:00]   pending(预筛) kind=binance_daily_close x1 due=2026-09-15 — UTC 日 2026-09-15 尚未收盘
[2026-09-15T17:55:16+08:00]   pending kind=cta_daily_total_rides x1 due=2026-09-14 — CTA 无 2026-09-14 数据（真值滞后约 2.5 月）
[2026-09-15T17:55:16+08:00]   pending kind=cta_daily_total_rides x1 due=2026-09-15 — 2026-09-15 尚未到
[2026-09-15T17:55:16+08:00]   pending kind=ghcn_daily_tmax x1 due=2026-09-15 — 2026-09-15 尚未到
[2026-09-15T17:55:16+08:00]   pending kind=ghcn_daily_tmax x1 due=2026-09-15 — 2026-09-15 尚未到
[2026-09-15T17:55:16+08:00]   pending kind=ghcn_daily_tmax x1 due=2026-09-15 — 2026-09-15 尚未到
[2026-09-15T17:55:16+08:00]   fetch-fail kind=elexon_fuelhh_daily_mean x1 — fetch failed（跳过不写）
[2026-09-15T17:55:16+08:00]   pending kind=elexon_fuelhh_daily_mean x1 due=2026-09-15 — 2026-09-15 尚未到
[2026-09-15T17:55:16+08:00]   fetch-fail kind=elexon_fuelhh_daily_mean x1 — fetch failed（跳过不写）
[2026-09-15T17:55:16+08:00]   pending kind=elexon_fuelhh_daily_mean x1 due=2026-09-15 — 2026-09-15 尚未到
[2026-09-15T17:55:16+08:00]   fetch-fail kind=elexon_fuelhh_daily_mean x1 — fetch failed（跳过不写）
[2026-09-15T17:55:16+08:00]   pending kind=elexon_fuelhh_daily_mean x1 due=2026-09-15 — 2026-09-15 尚未到
[2026-09-15T17:55:16+08:00]   resolved id=1141 kind=openmeteo_air_pm2_5_daily_mean -> true | Open-Meteo hourly.pm2_5 2026-09-14 日均=4.4667（24 小时）（阈值 <= 4.6，机检）
[2026-09-15T17:55:16+08:00]   pending kind=openmeteo_air_pm2_5_daily_mean x1 due=2026-09-15 — 2026-09-15 尚未到（前瞻事件未发生，不结算）
[2026-09-15T17:55:16+08:00]   resolved id=1148 kind=openmeteo_air_ozone_daily_mean -> true | Open-Meteo hourly.ozone 2026-09-14 日均=30.7917（24 小时）（阈值 <= 65.5，机检）
[2026-09-15T17:55:16+08:00]   pending kind=openmeteo_air_ozone_daily_mean x1 due=2026-09-15 — 2026-09-15 尚未到（前瞻事件未发生，不结算）
[2026-09-15T17:55:16+08:00]   resolved id=1155 kind=openmeteo_air_pm2_5_daily_mean -> true | Open-Meteo hourly.pm2_5 2026-09-14 日均=9.9750（24 小时）（阈值 <= 20.2，机检）
[2026-09-15T17:55:16+08:00]   pending kind=openmeteo_air_pm2_5_daily_mean x1 due=2026-09-15 — 2026-09-15 尚未到（前瞻事件未发生，不结算）
[2026-09-15T17:55:16+08:00]   resolved id=1162 kind=openmeteo_air_ozone_daily_mean -> true | Open-Meteo hourly.ozone 2026-09-14 日均=29.3750（24 小时）（阈值 <= 42.3，机检）
[2026-09-15T17:55:16+08:00]   pending kind=openmeteo_air_ozone_daily_mean x1 due=2026-09-15 — 2026-09-15 尚未到（前瞻事件未发生，不结算）
[2026-09-15T17:55:16+08:00]   resolved id=1169 kind=openmeteo_air_pm2_5_daily_mean -> false | Open-Meteo hourly.pm2_5 2026-09-14 日均=11.7083（24 小时）（阈值 <= 10.2，机检）
[2026-09-15T17:55:16+08:00]   pending kind=openmeteo_air_pm2_5_daily_mean x1 due=2026-09-15 — 2026-09-15 尚未到（前瞻事件未发生，不结算）
[2026-09-15T17:55:16+08:00]   resolved id=1176 kind=openmeteo_air_ozone_daily_mean -> false | Open-Meteo hourly.ozone 2026-09-14 日均=56.9167（24 小时）（阈值 <= 33.8，机检）
[2026-09-15T17:55:16+08:00]   pending kind=openmeteo_air_ozone_daily_mean x1 due=2026-09-15 — 2026-09-15 尚未到（前瞻事件未发生，不结算）
[2026-09-15T17:55:16+08:00]   resolved id=1183 kind=openmeteo_air_pm2_5_daily_mean -> true | Open-Meteo hourly.pm2_5 2026-09-14 日均=7.9792（24 小时）（阈值 <= 20，机检）
[2026-09-15T17:55:16+08:00]   pending kind=openmeteo_air_pm2_5_daily_mean x1 due=2026-09-15 — 2026-09-15 尚未到（前瞻事件未发生，不结算）
[2026-09-15T17:55:16+08:00]   resolved id=1190 kind=openmeteo_air_ozone_daily_mean -> false | Open-Meteo hourly.ozone 2026-09-14 日均=61.8750（24 小时）（阈值 <= 53.9，机检）
[2026-09-15T17:55:16+08:00]   pending kind=openmeteo_air_ozone_daily_mean x1 due=2026-09-15 — 2026-09-15 尚未到（前瞻事件未发生，不结算）
[2026-09-15T17:55:16+08:00]   resolved id=1197 kind=openmeteo_air_pm2_5_daily_mean -> true | Open-Meteo hourly.pm2_5 2026-09-14 日均=18.0625（24 小时）（阈值 <= 21.2，机检）
[2026-09-15T17:55:16+08:00]   pending kind=openmeteo_air_pm2_5_daily_mean x1 due=2026-09-15 — 2026-09-15 尚未到（前瞻事件未发生，不结算）
[2026-09-15T17:55:16+08:00]   resolved id=1204 kind=openmeteo_air_ozone_daily_mean -> true | Open-Meteo hourly.ozone 2026-09-14 日均=61.7917（24 小时）（阈值 <= 64，机检）
[2026-09-15T17:55:16+08:00]   pending kind=openmeteo_air_ozone_daily_mean x1 due=2026-09-15 — 2026-09-15 尚未到（前瞻事件未发生，不结算）
[2026-09-15T17:55:16+08:00]   resolved id=1211 kind=openmeteo_air_pm2_5_daily_mean -> true | Open-Meteo hourly.pm2_5 2026-09-14 日均=12.6917（24 小时）（阈值 <= 15，机检）
[2026-09-15T17:55:16+08:00]   pending kind=openmeteo_air_pm2_5_daily_mean x1 due=2026-09-15 — 2026-09-15 尚未到（前瞻事件未发生，不结算）
[2026-09-15T17:55:16+08:00]   resolved id=1218 kind=openmeteo_air_ozone_daily_mean -> true | Open-Meteo hourly.ozone 2026-09-14 日均=49.9167（24 小时）（阈值 <= 51.7，机检）
[2026-09-15T17:55:16+08:00]   pending kind=openmeteo_air_ozone_daily_mean x1 due=2026-09-15 — 2026-09-15 尚未到（前瞻事件未发生，不结算）
[2026-09-15T17:55:16+08:00]   resolved id=1225 kind=noaa_tide_daily_max -> false | NOAA 8443970 2026-09-14 当日最高潮位=1.593m(MSL, 24 点)（阈值 >= 1.626，机检）
[2026-09-15T17:55:16+08:00]   pending kind=noaa_tide_daily_max x1 due=2026-09-15 — 2026-09-15 尚未到
[2026-09-15T17:55:16+08:00]   resolved id=1232 kind=noaa_tide_daily_max -> true | NOAA 9414290 2026-09-14 当日最高潮位=0.842m(MSL, 24 点)（阈值 >= 0.811，机检）
[2026-09-15T17:55:16+08:00]   pending kind=noaa_tide_daily_max x1 due=2026-09-15 — 2026-09-15 尚未到
[2026-09-15T17:55:16+08:00]   resolved id=1239 kind=noaa_tide_daily_max -> false | NOAA 8518750 2026-09-14 当日最高潮位=0.884m(MSL, 24 点)（阈值 >= 0.931，机检）
[2026-09-15T17:55:16+08:00]   pending kind=noaa_tide_daily_max x1 due=2026-09-15 — 2026-09-15 尚未到
[2026-09-15T17:55:16+08:00]   resolved id=1246 kind=noaa_tide_daily_max -> true | NOAA 8723214 2026-09-14 当日最高潮位=0.464m(MSL, 24 点)（阈值 >= 0.385，机检）
[2026-09-15T17:55:16+08:00]   pending kind=noaa_tide_daily_max x1 due=2026-09-15 — 2026-09-15 尚未到
[2026-09-15T17:55:16+08:00]   resolved id=1253 kind=noaa_tide_daily_max -> true | NOAA 9447130 2026-09-14 当日最高潮位=1.421m(MSL, 24 点)（阈值 >= 1.235，机检）
[2026-09-15T17:55:16+08:00]   pending kind=noaa_tide_daily_max x1 due=2026-09-15 — 2026-09-15 尚未到
[2026-09-15T17:55:16+08:00]   resolved id=1260 kind=noaa_tide_daily_max -> false | NOAA 9410230 2026-09-14 当日最高潮位=0.837m(MSL, 24 点)（阈值 >= 0.973，机检）
[2026-09-15T17:55:16+08:00]   pending kind=noaa_tide_daily_max x1 due=2026-09-15 — 2026-09-15 尚未到
[2026-09-15T17:55:16+08:00]   resolved id=1428 kind=energycharts_public_power_daily_mean -> false | Energy-Charts de Hydro Run-of-River 2026-09-14 均值=1267.0427MW（96 点，满日 96 点·15 分粒度，本地日全窗口口径）（阈值 >= 1330，机检）
[2026-09-15T17:55:16+08:00]   pending kind=energycharts_public_power_daily_mean x1 due=2026-09-15 — 2026-09-15 尚未到
[2026-09-15T17:55:16+08:00]   resolved id=1435 kind=energycharts_public_power_daily_mean -> true | Energy-Charts de Fossil gas 2026-09-14 均值=7496.9802MW（96 点，满日 96 点·15 分粒度，本地日全窗口口径）（阈值 >= 4058，机检）
[2026-09-15T17:55:16+08:00]   pending kind=energycharts_public_power_daily_mean x1 due=2026-09-15 — 2026-09-15 尚未到
[2026-09-15T17:55:16+08:00]   resolved id=1442 kind=energycharts_public_power_daily_mean -> false | Energy-Charts de Wind offshore 2026-09-14 均值=905.7781MW（96 点，满日 96 点·15 分粒度，本地日全窗口口径）（阈值 >= 1541，机检）
[2026-09-15T17:55:16+08:00]   pending kind=energycharts_public_power_daily_mean x1 due=2026-09-15 — 2026-09-15 尚未到
[2026-09-15T17:55:16+08:00]   resolved id=1449 kind=energycharts_public_power_daily_mean -> false | Energy-Charts de Wind onshore 2026-09-14 均值=2652.3792MW（96 点，满日 96 点·15 分粒度，本地日全窗口口径）（阈值 >= 9177，机检）
[2026-09-15T17:55:16+08:00]   pending kind=energycharts_public_power_daily_mean x1 due=2026-09-15 — 2026-09-15 尚未到
[2026-09-15T17:55:16+08:00]   resolved id=1456 kind=energycharts_public_power_daily_mean -> false | Energy-Charts de Solar 2026-09-14 均值=11505.5354MW（96 点，满日 96 点·15 分粒度，本地日全窗口口径）（阈值 >= 15919，机检）
[2026-09-15T17:55:16+08:00]   pending kind=energycharts_public_power_daily_mean x1 due=2026-09-15 — 2026-09-15 尚未到
[2026-09-15T17:55:16+08:00]   resolved id=1478 kind=kraken_daily_close -> true | Kraken SOLUSD 2026-09-14 close=102.56（阈值 >= 75.29，机检）
[2026-09-15T17:55:16+08:00]   resolved id=1479 kind=kraken_daily_close -> true | Kraken SOLUSD 2026-09-15 close=101.03（阈值 >= 87.66，机检）
[2026-09-15T17:55:16+08:00]   resolved id=1486 kind=kraken_daily_close -> true | Kraken XBTUSD 2026-09-14 close=78193.1（阈值 >= 64599.2，机检）
[2026-09-15T17:55:16+08:00]   resolved id=1487 kind=kraken_daily_close -> true | Kraken XBTUSD 2026-09-15 close=77019.9（阈值 >= 73001.1，机检）
[2026-09-15T17:55:16+08:00]   resolved id=1494 kind=kraken_daily_close -> true | Kraken ETHUSD 2026-09-14 close=2515.81（阈值 >= 1902.26，机检）
[2026-09-15T17:55:16+08:00]   resolved id=1495 kind=kraken_daily_close -> true | Kraken ETHUSD 2026-09-15 close=2479.20（阈值 >= 2326.33，机检）
[2026-09-15T17:55:16+08:00]   resolved id=1501 kind=mlb_schedule_daily_total_runs -> false | MLB 2026-09-14 10 场总得分=93（阈值 >= 127，机检）
[2026-09-15T17:55:16+08:00]   pending kind=mlb_schedule_daily_total_runs x1 due=2026-09-15 — 2026-09-15 尚未到
[2026-09-15T17:55:16+08:00] round#1 用时 67.0s | 未解总数=672 到期选中=83 唯一真值请求=83（台账重复合并 0） | resolved=34 pending=44（含预筛 8） fail=5 refused=0／同结论并发=0 口径护栏=0 unsupported=0 未到期跳过=562 无法定到期=27 wouldWrite=0 实打网=35
[2026-09-15T17:55:16+08:00]   取数失败明细 {"fetch-fail:dlt_draw_result:HTTP 567":2,"fetch-fail:elexon_fuelhh_daily_mean:fetch failed":3}
[2026-09-15T17:56:07+08:00] === corpus-resolve-daemon start | mode=once interval=60min due-only=true confirm=true
[2026-09-15T17:56:07+08:00] 复用 corpus-resolve RESOLVERS 成功：inline-extract(59 kinds)
[2026-09-15T17:56:12+08:00] WARN dlt 日历刷新失败（沿用内置锚 26104@2026-09-12）: HTTP 567
[2026-09-15T17:56:12+08:00] 日历锚刷新：ssq 2026106@2026-09-13 | dlt 26104@2026-09-12
[2026-09-15T17:56:27+08:00] 二遍补打 2 组（首遍网络失败，缓 8s 后重试一次）
[2026-09-15T17:56:35+08:00]   pending kind=cwl_ssq_red_contains x1 due=2026-09-15 — 第 2026107 期未开奖
[2026-09-15T17:56:35+08:00]   pending kind=cwl_ssq_blue_odd x1 due=2026-09-15 — 第 2026107 期未开奖
[2026-09-15T17:56:35+08:00]   pending kind=cwl_ssq_red_contains x1 due=2026-09-15 — 第 2026107 期未开奖
[2026-09-15T17:56:35+08:00]   pending kind=cwl_ssq_blue_odd x1 due=2026-09-15 — 第 2026107 期未开奖
[2026-09-15T17:56:35+08:00]   fetch-fail kind=dlt_draw_result x1 — HTTP 567（跳过不写）
[2026-09-15T17:56:35+08:00]   fetch-fail kind=dlt_draw_result x1 — HTTP 567（跳过不写）
[2026-09-15T17:56:35+08:00]   pending(预筛) kind=openmeteo_air_pm10_daily_mean x1 due=2026-09-15 — 空气质量 2026-09-15 小时序列未出齐（需 T+1）
[2026-09-15T17:56:35+08:00]   pending(预筛) kind=openmeteo_air_pm10_daily_mean x1 due=2026-09-15 — 空气质量 2026-09-15 小时序列未出齐（需 T+1）
[2026-09-15T17:56:35+08:00]   pending(预筛) kind=openmeteo_air_pm10_daily_mean x1 due=2026-09-15 — 空气质量 2026-09-15 小时序列未出齐（需 T+1）
[2026-09-15T17:56:35+08:00]   pending(预筛) kind=openmeteo_air_pm10_daily_mean x1 due=2026-09-15 — 空气质量 2026-09-15 小时序列未出齐（需 T+1）
[2026-09-15T17:56:35+08:00]   pending(预筛) kind=openmeteo_air_pm10_daily_mean x1 due=2026-09-15 — 空气质量 2026-09-15 小时序列未出齐（需 T+1）
[2026-09-15T17:56:35+08:00]   pending(预筛) kind=binance_daily_close x1 due=2026-09-15 — UTC 日 2026-09-15 尚未收盘
[2026-09-15T17:56:35+08:00]   pending(预筛) kind=binance_daily_close x1 due=2026-09-15 — UTC 日 2026-09-15 尚未收盘
[2026-09-15T17:56:35+08:00]   pending(预筛) kind=binance_daily_close x1 due=2026-09-15 — UTC 日 2026-09-15 尚未收盘
[2026-09-15T17:56:35+08:00]   pending kind=cta_daily_total_rides x1 due=2026-09-14 — CTA 无 2026-09-14 数据（真值滞后约 2.5 月）
[2026-09-15T17:56:35+08:00]   pending kind=cta_daily_total_rides x1 due=2026-09-15 — 2026-09-15 尚未到
[2026-09-15T17:56:35+08:00]   pending kind=ghcn_daily_tmax x1 due=2026-09-15 — 2026-09-15 尚未到
[2026-09-15T17:56:35+08:00]   pending kind=ghcn_daily_tmax x1 due=2026-09-15 — 2026-09-15 尚未到
[2026-09-15T17:56:35+08:00]   pending kind=ghcn_daily_tmax x1 due=2026-09-15 — 2026-09-15 尚未到
[2026-09-15T17:56:35+08:00]   resolved id=1125 kind=elexon_fuelhh_daily_mean -> false | Elexon WIND 2026-09-14 均值=7138.7708MW（48 点）（阈值 >= 9306，机检）
[2026-09-15T17:56:35+08:00]   pending kind=elexon_fuelhh_daily_mean x1 due=2026-09-15 — 2026-09-15 尚未到
[2026-09-15T17:56:35+08:00]   resolved id=1130 kind=elexon_fuelhh_daily_mean -> true | Elexon CCGT 2026-09-14 均值=10269.2708MW（48 点）（阈值 >= 4748，机检）
[2026-09-15T17:56:35+08:00]   pending kind=elexon_fuelhh_daily_mean x1 due=2026-09-15 — 2026-09-15 尚未到
[2026-09-15T17:56:35+08:00]   resolved id=1135 kind=elexon_fuelhh_daily_mean -> false | Elexon NUCLEAR 2026-09-14 均值=3462.7083MW（48 点）（阈值 >= 4615，机检）
[2026-09-15T17:56:35+08:00]   pending kind=elexon_fuelhh_daily_mean x1 due=2026-09-15 — 2026-09-15 尚未到
[2026-09-15T17:56:35+08:00]   pending kind=openmeteo_air_pm2_5_daily_mean x1 due=2026-09-15 — 2026-09-15 尚未到（前瞻事件未发生，不结算）
[2026-09-15T17:56:35+08:00]   pending kind=openmeteo_air_ozone_daily_mean x1 due=2026-09-15 — 2026-09-15 尚未到（前瞻事件未发生，不结算）
[2026-09-15T17:56:35+08:00]   pending kind=openmeteo_air_pm2_5_daily_mean x1 due=2026-09-15 — 2026-09-15 尚未到（前瞻事件未发生，不结算）
[2026-09-15T17:56:35+08:00]   pending kind=openmeteo_air_ozone_daily_mean x1 due=2026-09-15 — 2026-09-15 尚未到（前瞻事件未发生，不结算）
[2026-09-15T17:56:35+08:00]   pending kind=openmeteo_air_pm2_5_daily_mean x1 due=2026-09-15 — 2026-09-15 尚未到（前瞻事件未发生，不结算）
[2026-09-15T17:56:35+08:00]   pending kind=openmeteo_air_ozone_daily_mean x1 due=2026-09-15 — 2026-09-15 尚未到（前瞻事件未发生，不结算）
[2026-09-15T17:56:35+08:00]   pending kind=openmeteo_air_pm2_5_daily_mean x1 due=2026-09-15 — 2026-09-15 尚未到（前瞻事件未发生，不结算）
[2026-09-15T17:56:35+08:00]   pending kind=openmeteo_air_ozone_daily_mean x1 due=2026-09-15 — 2026-09-15 尚未到（前瞻事件未发生，不结算）
[2026-09-15T17:56:35+08:00]   pending kind=openmeteo_air_pm2_5_daily_mean x1 due=2026-09-15 — 2026-09-15 尚未到（前瞻事件未发生，不结算）
[2026-09-15T17:56:35+08:00]   pending kind=openmeteo_air_ozone_daily_mean x1 due=2026-09-15 — 2026-09-15 尚未到（前瞻事件未发生，不结算）
[2026-09-15T17:56:35+08:00]   pending kind=openmeteo_air_pm2_5_daily_mean x1 due=2026-09-15 — 2026-09-15 尚未到（前瞻事件未发生，不结算）
[2026-09-15T17:56:35+08:00]   pending kind=openmeteo_air_ozone_daily_mean x1 due=2026-09-15 — 2026-09-15 尚未到（前瞻事件未发生，不结算）
[2026-09-15T17:56:35+08:00]   pending kind=noaa_tide_daily_max x1 due=2026-09-15 — 2026-09-15 尚未到
[2026-09-15T17:56:35+08:00]   pending kind=noaa_tide_daily_max x1 due=2026-09-15 — 2026-09-15 尚未到
[2026-09-15T17:56:35+08:00]   pending kind=noaa_tide_daily_max x1 due=2026-09-15 — 2026-09-15 尚未到
[2026-09-15T17:56:35+08:00]   pending kind=noaa_tide_daily_max x1 due=2026-09-15 — 2026-09-15 尚未到
[2026-09-15T17:56:35+08:00]   pending kind=noaa_tide_daily_max x1 due=2026-09-15 — 2026-09-15 尚未到
[2026-09-15T17:56:35+08:00]   pending kind=noaa_tide_daily_max x1 due=2026-09-15 — 2026-09-15 尚未到
[2026-09-15T17:56:35+08:00]   pending kind=energycharts_public_power_daily_mean x1 due=2026-09-15 — 2026-09-15 尚未到
[2026-09-15T17:56:35+08:00]   pending kind=energycharts_public_power_daily_mean x1 due=2026-09-15 — 2026-09-15 尚未到
[2026-09-15T17:56:35+08:00]   pending kind=energycharts_public_power_daily_mean x1 due=2026-09-15 — 2026-09-15 尚未到
[2026-09-15T17:56:35+08:00]   pending kind=energycharts_public_power_daily_mean x1 due=2026-09-15 — 2026-09-15 尚未到
[2026-09-15T17:56:35+08:00]   pending kind=energycharts_public_power_daily_mean x1 due=2026-09-15 — 2026-09-15 尚未到
[2026-09-15T17:56:35+08:00]   pending kind=mlb_schedule_daily_total_runs x1 due=2026-09-15 — 2026-09-15 尚未到
[2026-09-15T17:56:35+08:00] round#1 用时 23.3s | 未解总数=638 到期选中=49 唯一真值请求=49（台账重复合并 0） | resolved=3 pending=44（含预筛 8） fail=2 refused=0／同结论并发=0 口径护栏=0 unsupported=0 未到期跳过=562 无法定到期=27 wouldWrite=0 实打网=6
[2026-09-15T17:56:35+08:00]   取数失败明细 {"fetch-fail:dlt_draw_result:HTTP 567":2}
[2026-09-15T17:56:38+08:00] === corpus-resolve-daemon start | mode=once interval=60min due-only=true confirm=true
[2026-09-15T17:56:38+08:00] 复用 corpus-resolve RESOLVERS 成功：inline-extract(59 kinds)
[2026-09-15T17:56:43+08:00] WARN dlt 日历刷新失败（沿用内置锚 26104@2026-09-12）: HTTP 567
[2026-09-15T17:56:43+08:00] 日历锚刷新：ssq 2026106@2026-09-13 | dlt 26104@2026-09-12
[2026-09-15T17:56:56+08:00] 二遍补打 2 组（首遍网络失败，缓 8s 后重试一次）
[2026-09-15T17:57:04+08:00]   pending kind=cwl_ssq_red_contains x1 due=2026-09-15 — 第 2026107 期未开奖
[2026-09-15T17:57:04+08:00]   pending kind=cwl_ssq_blue_odd x1 due=2026-09-15 — 第 2026107 期未开奖
[2026-09-15T17:57:04+08:00]   pending kind=cwl_ssq_red_contains x1 due=2026-09-15 — 第 2026107 期未开奖
[2026-09-15T17:57:04+08:00]   pending kind=cwl_ssq_blue_odd x1 due=2026-09-15 — 第 2026107 期未开奖
[2026-09-15T17:57:04+08:00]   fetch-fail kind=dlt_draw_result x1 — HTTP 567（跳过不写）
[2026-09-15T17:57:04+08:00]   fetch-fail kind=dlt_draw_result x1 — HTTP 567（跳过不写）
[2026-09-15T17:57:04+08:00]   pending(预筛) kind=openmeteo_air_pm10_daily_mean x1 due=2026-09-15 — 空气质量 2026-09-15 小时序列未出齐（需 T+1）
[2026-09-15T17:57:04+08:00]   pending(预筛) kind=openmeteo_air_pm10_daily_mean x1 due=2026-09-15 — 空气质量 2026-09-15 小时序列未出齐（需 T+1）
[2026-09-15T17:57:04+08:00]   pending(预筛) kind=openmeteo_air_pm10_daily_mean x1 due=2026-09-15 — 空气质量 2026-09-15 小时序列未出齐（需 T+1）
[2026-09-15T17:57:04+08:00]   pending(预筛) kind=openmeteo_air_pm10_daily_mean x1 due=2026-09-15 — 空气质量 2026-09-15 小时序列未出齐（需 T+1）
[2026-09-15T17:57:04+08:00]   pending(预筛) kind=openmeteo_air_pm10_daily_mean x1 due=2026-09-15 — 空气质量 2026-09-15 小时序列未出齐（需 T+1）
[2026-09-15T17:57:04+08:00]   pending(预筛) kind=binance_daily_close x1 due=2026-09-15 — UTC 日 2026-09-15 尚未收盘
[2026-09-15T17:57:04+08:00]   pending(预筛) kind=binance_daily_close x1 due=2026-09-15 — UTC 日 2026-09-15 尚未收盘
[2026-09-15T17:57:04+08:00]   pending(预筛) kind=binance_daily_close x1 due=2026-09-15 — UTC 日 2026-09-15 尚未收盘
[2026-09-15T17:57:04+08:00]   pending kind=cta_daily_total_rides x1 due=2026-09-14 — CTA 无 2026-09-14 数据（真值滞后约 2.5 月）
[2026-09-15T17:57:04+08:00]   pending kind=cta_daily_total_rides x1 due=2026-09-15 — 2026-09-15 尚未到
[2026-09-15T17:57:04+08:00]   pending kind=ghcn_daily_tmax x1 due=2026-09-15 — 2026-09-15 尚未到
[2026-09-15T17:57:04+08:00]   pending kind=ghcn_daily_tmax x1 due=2026-09-15 — 2026-09-15 尚未到
[2026-09-15T17:57:04+08:00]   pending kind=ghcn_daily_tmax x1 due=2026-09-15 — 2026-09-15 尚未到
[2026-09-15T17:57:04+08:00]   pending kind=elexon_fuelhh_daily_mean x1 due=2026-09-15 — 2026-09-15 尚未到
[2026-09-15T17:57:04+08:00]   pending kind=elexon_fuelhh_daily_mean x1 due=2026-09-15 — 2026-09-15 尚未到
[2026-09-15T17:57:04+08:00]   pending kind=elexon_fuelhh_daily_mean x1 due=2026-09-15 — 2026-09-15 尚未到
[2026-09-15T17:57:04+08:00]   pending kind=openmeteo_air_pm2_5_daily_mean x1 due=2026-09-15 — 2026-09-15 尚未到（前瞻事件未发生，不结算）
[2026-09-15T17:57:04+08:00]   pending kind=openmeteo_air_ozone_daily_mean x1 due=2026-09-15 — 2026-09-15 尚未到（前瞻事件未发生，不结算）
[2026-09-15T17:57:04+08:00]   pending kind=openmeteo_air_pm2_5_daily_mean x1 due=2026-09-15 — 2026-09-15 尚未到（前瞻事件未发生，不结算）
[2026-09-15T17:57:04+08:00]   pending kind=openmeteo_air_ozone_daily_mean x1 due=2026-09-15 — 2026-09-15 尚未到（前瞻事件未发生，不结算）
[2026-09-15T17:57:04+08:00]   pending kind=openmeteo_air_pm2_5_daily_mean x1 due=2026-09-15 — 2026-09-15 尚未到（前瞻事件未发生，不结算）
[2026-09-15T17:57:04+08:00]   pending kind=openmeteo_air_ozone_daily_mean x1 due=2026-09-15 — 2026-09-15 尚未到（前瞻事件未发生，不结算）
[2026-09-15T17:57:04+08:00]   pending kind=openmeteo_air_pm2_5_daily_mean x1 due=2026-09-15 — 2026-09-15 尚未到（前瞻事件未发生，不结算）
[2026-09-15T17:57:04+08:00]   pending kind=openmeteo_air_ozone_daily_mean x1 due=2026-09-15 — 2026-09-15 尚未到（前瞻事件未发生，不结算）
[2026-09-15T17:57:04+08:00]   pending kind=openmeteo_air_pm2_5_daily_mean x1 due=2026-09-15 — 2026-09-15 尚未到（前瞻事件未发生，不结算）
[2026-09-15T17:57:04+08:00]   pending kind=openmeteo_air_ozone_daily_mean x1 due=2026-09-15 — 2026-09-15 尚未到（前瞻事件未发生，不结算）
[2026-09-15T17:57:04+08:00]   pending kind=openmeteo_air_pm2_5_daily_mean x1 due=2026-09-15 — 2026-09-15 尚未到（前瞻事件未发生，不结算）
[2026-09-15T17:57:04+08:00]   pending kind=openmeteo_air_ozone_daily_mean x1 due=2026-09-15 — 2026-09-15 尚未到（前瞻事件未发生，不结算）
[2026-09-15T17:57:04+08:00]   pending kind=noaa_tide_daily_max x1 due=2026-09-15 — 2026-09-15 尚未到
[2026-09-15T17:57:04+08:00]   pending kind=noaa_tide_daily_max x1 due=2026-09-15 — 2026-09-15 尚未到
[2026-09-15T17:57:04+08:00]   pending kind=noaa_tide_daily_max x1 due=2026-09-15 — 2026-09-15 尚未到
[2026-09-15T17:57:04+08:00]   pending kind=noaa_tide_daily_max x1 due=2026-09-15 — 2026-09-15 尚未到
[2026-09-15T17:57:04+08:00]   pending kind=noaa_tide_daily_max x1 due=2026-09-15 — 2026-09-15 尚未到
[2026-09-15T17:57:04+08:00]   pending kind=noaa_tide_daily_max x1 due=2026-09-15 — 2026-09-15 尚未到
[2026-09-15T17:57:04+08:00]   pending kind=energycharts_public_power_daily_mean x1 due=2026-09-15 — 2026-09-15 尚未到
[2026-09-15T17:57:04+08:00]   pending kind=energycharts_public_power_daily_mean x1 due=2026-09-15 — 2026-09-15 尚未到
[2026-09-15T17:57:04+08:00]   pending kind=energycharts_public_power_daily_mean x1 due=2026-09-15 — 2026-09-15 尚未到
[2026-09-15T17:57:04+08:00]   pending kind=energycharts_public_power_daily_mean x1 due=2026-09-15 — 2026-09-15 尚未到
[2026-09-15T17:57:04+08:00]   pending kind=energycharts_public_power_daily_mean x1 due=2026-09-15 — 2026-09-15 尚未到
[2026-09-15T17:57:04+08:00]   pending kind=mlb_schedule_daily_total_runs x1 due=2026-09-15 — 2026-09-15 尚未到
[2026-09-15T17:57:04+08:00] round#1 用时 20.7s | 未解总数=635 到期选中=46 唯一真值请求=46（台账重复合并 0） | resolved=0 pending=44（含预筛 8） fail=2 refused=0／同结论并发=0 口径护栏=0 unsupported=0 未到期跳过=562 无法定到期=27 wouldWrite=0 实打网=5
[2026-09-15T17:57:04+08:00]   取数失败明细 {"fetch-fail:dlt_draw_result:HTTP 567":2}
